"序号","文件名","扩展名","大小MB","一级目录","模块","内容类型","建议标签","格式处理建议","相对路径","完整路径"
"1","心理学、教育心理学【简答+论述】 .pdf",".pdf","0.79","教基教综","教育心理学","主观题背诵","冲刺","保留原格式","教基教综\【04】简答 口诀\主观题\心理学、教育心理学【简答+论述】 .pdf","F:\BaiduNetdiskDownload\教学资料\教基教综\【04】简答 口诀\主观题\心理学、教育心理学【简答+论述】 .pdf"
"2","教育学【简答+论述】.pdf",".pdf","0.48","教基教综","教育学","主观题背诵","冲刺","保留原格式","教基教综\【04】简答 口诀\主观题\教育学【简答+论述】.pdf","F:\BaiduNetdiskDownload\教学资料\教基教综\【04】简答 口诀\主观题\教育学【简答+论述】.pdf"
"3","（1）背诵口诀 .doc",".doc","0.05","教基教综","教育综合","主观题背诵","冲刺","暂不批量转换，精选后再处理","教基教综\【04】简答 口诀\赠记忆口诀\（1）背诵口诀 .doc","F:\BaiduNetdiskDownload\教学资料\教基教综\【04】简答 口诀\赠记忆口诀\（1）背诵口诀 .doc"
"4","（2）题型口诀 .doc",".doc","0.03","教基教综","教育综合","主观题背诵","冲刺","暂不批量转换，精选后再处理","教基教综\【04】简答 口诀\赠记忆口诀\（2）题型口诀 .doc","F:\BaiduNetdiskDownload\教学资料\教基教综\【04】简答 口诀\赠记忆口诀\（2）题型口诀 .doc"
"5","（3）教育综合速记 .doc",".doc","0.03","教基教综","教育综合","主观题背诵","冲刺","暂不批量转换，精选后再处理","教基教综\【04】简答 口诀\赠记忆口诀\（3）教育综合速记 .doc","F:\BaiduNetdiskDownload\教学资料\教基教综\【04】简答 口诀\赠记忆口诀\（3）教育综合速记 .doc"
"6","《学记》中重要思想注释 .docx",".docx","0.01","教基教综","教育综合","主观题背诵","冲刺","保留原格式","教基教综\【04】简答 口诀\主观题\《学记》中重要思想注释 .docx","F:\BaiduNetdiskDownload\教学资料\教基教综\【04】简答 口诀\主观题\《学记》中重要思想注释 .docx"
"7","【独家记忆】5分钟记住教材中所有人名 .doc",".doc","0.15","教基教综","教育综合","主观题背诵","冲刺","暂不批量转换，精选后再处理","教基教综\【04】简答 口诀\赠记忆口诀\【独家记忆】5分钟记住教材中所有人名 .doc","F:\BaiduNetdiskDownload\教学资料\教基教综\【04】简答 口诀\赠记忆口诀\【独家记忆】5分钟记住教材中所有人名 .doc"
"8","教综-各主观题常考汇总 .pdf",".pdf","0.61","教基教综","教育综合","主观题背诵","冲刺","保留原格式","教基教综\【04】简答 口诀\主观题\教综-各主观题常考汇总 .pdf","F:\BaiduNetdiskDownload\教学资料\教基教综\【04】简答 口诀\主观题\教综-各主观题常考汇总 .pdf"
"9","教综-主观题汇总（1） .pdf",".pdf","0.43","教基教综","教育综合","主观题背诵","冲刺","保留原格式","教基教综\【04】简答 口诀\主观题\教综-主观题汇总（1） .pdf","F:\BaiduNetdiskDownload\教学资料\教基教综\【04】简答 口诀\主观题\教综-主观题汇总（1） .pdf"
"10","教综-主观题总结（2） .pdf",".pdf","0.57","教基教综","教育综合","主观题背诵","冲刺","保留原格式","教基教综\【04】简答 口诀\主观题\教综-主观题总结（2） .pdf","F:\BaiduNetdiskDownload\教学资料\教基教综\【04】简答 口诀\主观题\教综-主观题总结（2） .pdf"
"11","教师职业道德内部资料.pdf",".pdf","0.24","西安高层次人才教育类","教师职业道德","预测押题","冲刺","保留原格式","西安高层次人才教育类\【预测题库】西安高层次人才教育类招聘考试教育综合知识复习资料新版\全新版教师招聘-分模块模拟练习重点一一击破\7、综合演练\教师职业道德内部资料.pdf","F:\BaiduNetdiskDownload\教学资料\西安高层次人才教育类\【预测题库】西安高层次人才教育类招聘考试教育综合知识复习资料新版\全新版教师招聘-分模块模拟练习重点一一击破\7、综合演练\教师职业道德内部资料.pdf"
"12","教育理论基础职业道德和法律法规讲义114.pdf",".pdf","9.8","西安高层次人才教育类","教师职业道德","预测押题","冲刺","保留原格式","西安高层次人才教育类\【预测题库】西安高层次人才教育类招聘考试教育综合知识复习资料新版\全新版教师招聘-分模块模拟练习重点一一击破\5、教育法律与法规\教育理论基础职业道德和法律法规讲义114.pdf","F:\BaiduNetdiskDownload\教学资料\西安高层次人才教育类\【预测题库】西安高层次人才教育类招聘考试教育综合知识复习资料新版\全新版教师招聘-分模块模拟练习重点一一击破\5、教育法律与法规\教育理论基础职业道德和法律法规讲义114.pdf"
"13","全新版《教师职业道德修养》 必备知识点.pdf",".pdf","0.45","西安高层次人才教育类","教师职业道德","预测押题","冲刺","保留原格式","西安高层次人才教育类\【预测题库】西安高层次人才教育类招聘考试教育综合知识复习资料新版\全新版教师招聘-分模块模拟练习重点一一击破\4、教师职业道德\全新版《教师职业道德修养》 必备知识点.pdf","F:\BaiduNetdiskDownload\教学资料\西安高层次人才教育类\【预测题库】西安高层次人才教育类招聘考试教育综合知识复习资料新版\全新版教师招聘-分模块模拟练习重点一一击破\4、教师职业道德\全新版《教师职业道德修养》 必备知识点.pdf"
"14","全新版教师职业道德考试试题.doc",".doc","0.04","西安高层次人才教育类","教师职业道德","预测押题","冲刺","暂不批量转换，精选后再处理","西安高层次人才教育类\【预测题库】西安高层次人才教育类招聘考试教育综合知识复习资料新版\全新版教师招聘-分模块模拟练习重点一一击破\4、教师职业道德\全新版教师职业道德考试试题.doc","F:\BaiduNetdiskDownload\教学资料\西安高层次人才教育类\【预测题库】西安高层次人才教育类招聘考试教育综合知识复习资料新版\全新版教师招聘-分模块模拟练习重点一一击破\4、教师职业道德\全新版教师职业道德考试试题.doc"
"15","全新版教师职业道德考试题110题.doc",".doc","0.04","西安高层次人才教育类","教师职业道德","预测押题","冲刺","暂不批量转换，精选后再处理","西安高层次人才教育类\【预测题库】西安高层次人才教育类招聘考试教育综合知识复习资料新版\全新版教师招聘-分模块模拟练习重点一一击破\4、教师职业道德\全新版教师职业道德考试题110题.doc","F:\BaiduNetdiskDownload\教学资料\西安高层次人才教育类\【预测题库】西安高层次人才教育类招聘考试教育综合知识复习资料新版\全新版教师招聘-分模块模拟练习重点一一击破\4、教师职业道德\全新版教师职业道德考试题110题.doc"
"16","全新版教师职业道德专项练习.pdf",".pdf","0.23","西安高层次人才教育类","教师职业道德","预测押题","冲刺","保留原格式","西安高层次人才教育类\【预测题库】西安高层次人才教育类招聘考试教育综合知识复习资料新版\全新版教师招聘-分模块模拟练习重点一一击破\4、教师职业道德\全新版教师职业道德专项练习.pdf","F:\BaiduNetdiskDownload\教学资料\西安高层次人才教育类\【预测题库】西安高层次人才教育类招聘考试教育综合知识复习资料新版\全新版教师招聘-分模块模拟练习重点一一击破\4、教师职业道德\全新版教师职业道德专项练习.pdf"
"17","全新版中小学教师职业道德规范.doc",".doc","0.01","西安高层次人才教育类","教师职业道德","预测押题","冲刺","暂不批量转换，精选后再处理","西安高层次人才教育类\【预测题库】西安高层次人才教育类招聘考试教育综合知识复习资料新版\全新版教师招聘-分模块模拟练习重点一一击破\4、教师职业道德\全新版中小学教师职业道德规范.doc","F:\BaiduNetdiskDownload\教学资料\西安高层次人才教育类\【预测题库】西安高层次人才教育类招聘考试教育综合知识复习资料新版\全新版教师招聘-分模块模拟练习重点一一击破\4、教师职业道德\全新版中小学教师职业道德规范.doc"
"18","1中华人民共和国教育法 .doc",".doc","0.03","西安高层次人才教育类","教育法律法规","预测押题","冲刺","暂不批量转换，精选后再处理","西安高层次人才教育类\【预测题库】西安高层次人才教育类招聘考试教育综合知识复习资料新版\全新版教师招聘-分模块模拟练习重点一一击破\5、教育法律与法规\1中华人民共和国教育法 .doc","F:\BaiduNetdiskDownload\教学资料\西安高层次人才教育类\【预测题库】西安高层次人才教育类招聘考试教育综合知识复习资料新版\全新版教师招聘-分模块模拟练习重点一一击破\5、教育法律与法规\1中华人民共和国教育法 .doc"
"19","2中华人民共和国义务教育法 .doc",".doc","0.04","西安高层次人才教育类","教育法律法规","预测押题","冲刺","暂不批量转换，精选后再处理","西安高层次人才教育类\【预测题库】西安高层次人才教育类招聘考试教育综合知识复习资料新版\全新版教师招聘-分模块模拟练习重点一一击破\5、教育法律与法规\2中华人民共和国义务教育法 .doc","F:\BaiduNetdiskDownload\教学资料\西安高层次人才教育类\【预测题库】西安高层次人才教育类招聘考试教育综合知识复习资料新版\全新版教师招聘-分模块模拟练习重点一一击破\5、教育法律与法规\2中华人民共和国义务教育法 .doc"
"20","3中华人民共和国教师法 .doc",".doc","0.02","西安高层次人才教育类","教育法律法规","预测押题","冲刺","暂不批量转换，精选后再处理","西安高层次人才教育类\【预测题库】西安高层次人才教育类招聘考试教育综合知识复习资料新版\全新版教师招聘-分模块模拟练习重点一一击破\5、教育法律与法规\3中华人民共和国教师法 .doc","F:\BaiduNetdiskDownload\教学资料\西安高层次人才教育类\【预测题库】西安高层次人才教育类招聘考试教育综合知识复习资料新版\全新版教师招聘-分模块模拟练习重点一一击破\5、教育法律与法规\3中华人民共和国教师法 .doc"
"21","4中华人民共和国未成年人保护法 .doc",".doc","0.04","西安高层次人才教育类","教育法律法规","预测押题","冲刺","暂不批量转换，精选后再处理","西安高层次人才教育类\【预测题库】西安高层次人才教育类招聘考试教育综合知识复习资料新版\全新版教师招聘-分模块模拟练习重点一一击破\5、教育法律与法规\4中华人民共和国未成年人保护法 .doc","F:\BaiduNetdiskDownload\教学资料\西安高层次人才教育类\【预测题库】西安高层次人才教育类招聘考试教育综合知识复习资料新版\全新版教师招聘-分模块模拟练习重点一一击破\5、教育法律与法规\4中华人民共和国未成年人保护法 .doc"
"22","5中华人民共和国预防未成年人犯罪法 .doc",".doc","0.04","西安高层次人才教育类","教育法律法规","预测押题","冲刺","暂不批量转换，精选后再处理","西安高层次人才教育类\【预测题库】西安高层次人才教育类招聘考试教育综合知识复习资料新版\全新版教师招聘-分模块模拟练习重点一一击破\5、教育法律与法规\5中华人民共和国预防未成年人犯罪法 .doc","F:\BaiduNetdiskDownload\教学资料\西安高层次人才教育类\【预测题库】西安高层次人才教育类招聘考试教育综合知识复习资料新版\全新版教师招聘-分模块模拟练习重点一一击破\5、教育法律与法规\5中华人民共和国预防未成年人犯罪法 .doc"
"23","6《教育法规基础》知识点笔记.doc",".doc","0.06","西安高层次人才教育类","教育法律法规","预测押题","冲刺","暂不批量转换，精选后再处理","西安高层次人才教育类\【预测题库】西安高层次人才教育类招聘考试教育综合知识复习资料新版\全新版教师招聘-分模块模拟练习重点一一击破\5、教育法律与法规\6《教育法规基础》知识点笔记.doc","F:\BaiduNetdiskDownload\教学资料\西安高层次人才教育类\【预测题库】西安高层次人才教育类招聘考试教育综合知识复习资料新版\全新版教师招聘-分模块模拟练习重点一一击破\5、教育法律与法规\6《教育法规基础》知识点笔记.doc"
"24","7中小学、幼儿园安全管理办法.doc",".doc","0.05","西安高层次人才教育类","教育法律法规","预测押题","冲刺","暂不批量转换，精选后再处理","西安高层次人才教育类\【预测题库】西安高层次人才教育类招聘考试教育综合知识复习资料新版\全新版教师招聘-分模块模拟练习重点一一击破\5、教育法律与法规\7中小学、幼儿园安全管理办法.doc","F:\BaiduNetdiskDownload\教学资料\西安高层次人才教育类\【预测题库】西安高层次人才教育类招聘考试教育综合知识复习资料新版\全新版教师招聘-分模块模拟练习重点一一击破\5、教育法律与法规\7中小学、幼儿园安全管理办法.doc"
"25","教育法律法规.pdf",".pdf","0.37","西安高层次人才教育类","教育法律法规","预测押题","冲刺","保留原格式","西安高层次人才教育类\【预测题库】西安高层次人才教育类招聘考试教育综合知识复习资料新版\全新版教师招聘-分模块模拟练习重点一一击破\7、综合演练\教育法律法规.pdf","F:\BaiduNetdiskDownload\教学资料\西安高层次人才教育类\【预测题库】西安高层次人才教育类招聘考试教育综合知识复习资料新版\全新版教师招聘-分模块模拟练习重点一一击破\7、综合演练\教育法律法规.pdf"
"26","全新版教师招考《教育法律法规》简答题.pdf",".pdf","1.09","西安高层次人才教育类","教育法律法规","主观题背诵","冲刺","保留原格式","西安高层次人才教育类\【预测题库】西安高层次人才教育类招聘考试教育综合知识复习资料新版\全新版教师招聘-分模块模拟练习重点一一击破\5、教育法律与法规\全新版教师招考《教育法律法规》简答题.pdf","F:\BaiduNetdiskDownload\教学资料\西安高层次人才教育类\【预测题库】西安高层次人才教育类招聘考试教育综合知识复习资料新版\全新版教师招聘-分模块模拟练习重点一一击破\5、教育法律与法规\全新版教师招考《教育法律法规》简答题.pdf"
"27","教师招聘教育心理学核心15页.docx",".docx","0.06","西安高层次人才教育类","教育心理学","预测押题","冲刺","保留原格式","西安高层次人才教育类\【预测题库】西安高层次人才教育类招聘考试教育综合知识复习资料新版\教师招聘教育学、教育心理学核心30页\教师招聘教育心理学核心15页.docx","F:\BaiduNetdiskDownload\教学资料\西安高层次人才教育类\【预测题库】西安高层次人才教育类招聘考试教育综合知识复习资料新版\教师招聘教育学、教育心理学核心30页\教师招聘教育心理学核心15页.docx"
"28","教师招聘教育学核心15页.docx",".docx","0.06","西安高层次人才教育类","教育心理学","预测押题","冲刺","保留原格式","西安高层次人才教育类\【预测题库】西安高层次人才教育类招聘考试教育综合知识复习资料新版\教师招聘教育学、教育心理学核心30页\教师招聘教育学核心15页.docx","F:\BaiduNetdiskDownload\教学资料\西安高层次人才教育类\【预测题库】西安高层次人才教育类招聘考试教育综合知识复习资料新版\教师招聘教育学、教育心理学核心30页\教师招聘教育学核心15页.docx"
"29","教育心理学复习精华.pdf",".pdf","1.49","西安高层次人才教育类","教育心理学","预测押题","冲刺","保留原格式","西安高层次人才教育类\【预测题库】西安高层次人才教育类招聘考试教育综合知识复习资料新版\全新版教师招聘-分模块模拟练习重点一一击破\7、综合演练\教育心理学复习精华.pdf","F:\BaiduNetdiskDownload\教学资料\西安高层次人才教育类\【预测题库】西安高层次人才教育类招聘考试教育综合知识复习资料新版\全新版教师招聘-分模块模拟练习重点一一击破\7、综合演练\教育心理学复习精华.pdf"
"30","全新版《教育心理学》名词解释汇总.pdf",".pdf","0.16","西安高层次人才教育类","教育心理学","预测押题","冲刺","保留原格式","西安高层次人才教育类\【预测题库】西安高层次人才教育类招聘考试教育综合知识复习资料新版\全新版教师招聘-分模块模拟练习重点一一击破\3、教育心理学\全新版《教育心理学》名词解释汇总.pdf","F:\BaiduNetdiskDownload\教学资料\西安高层次人才教育类\【预测题库】西安高层次人才教育类招聘考试教育综合知识复习资料新版\全新版教师招聘-分模块模拟练习重点一一击破\3、教育心理学\全新版《教育心理学》名词解释汇总.pdf"
"31","全新版《教育心理学》模拟试卷1.pdf",".pdf","0.14","西安高层次人才教育类","教育心理学","预测押题","冲刺","保留原格式","西安高层次人才教育类\【预测题库】西安高层次人才教育类招聘考试教育综合知识复习资料新版\全新版教师招聘-分模块模拟练习重点一一击破\3、教育心理学\全新版《教育心理学》模拟试卷1.pdf","F:\BaiduNetdiskDownload\教学资料\西安高层次人才教育类\【预测题库】西安高层次人才教育类招聘考试教育综合知识复习资料新版\全新版教师招聘-分模块模拟练习重点一一击破\3、教育心理学\全新版《教育心理学》模拟试卷1.pdf"
"32","全新版《教育心理学》模拟试卷2.pdf",".pdf","0.13","西安高层次人才教育类","教育心理学","预测押题","冲刺","保留原格式","西安高层次人才教育类\【预测题库】西安高层次人才教育类招聘考试教育综合知识复习资料新版\全新版教师招聘-分模块模拟练习重点一一击破\3、教育心理学\全新版《教育心理学》模拟试卷2.pdf","F:\BaiduNetdiskDownload\教学资料\西安高层次人才教育类\【预测题库】西安高层次人才教育类招聘考试教育综合知识复习资料新版\全新版教师招聘-分模块模拟练习重点一一击破\3、教育心理学\全新版《教育心理学》模拟试卷2.pdf"
"33","全新版《教育心理学》模拟试卷3.pdf",".pdf","0.13","西安高层次人才教育类","教育心理学","预测押题","冲刺","保留原格式","西安高层次人才教育类\【预测题库】西安高层次人才教育类招聘考试教育综合知识复习资料新版\全新版教师招聘-分模块模拟练习重点一一击破\3、教育心理学\全新版《教育心理学》模拟试卷3.pdf","F:\BaiduNetdiskDownload\教学资料\西安高层次人才教育类\【预测题库】西安高层次人才教育类招聘考试教育综合知识复习资料新版\全新版教师招聘-分模块模拟练习重点一一击破\3、教育心理学\全新版《教育心理学》模拟试卷3.pdf"
"34","全新版《教育心理学》模拟试卷4.pdf",".pdf","0.16","西安高层次人才教育类","教育心理学","预测押题","冲刺","保留原格式","西安高层次人才教育类\【预测题库】西安高层次人才教育类招聘考试教育综合知识复习资料新版\全新版教师招聘-分模块模拟练习重点一一击破\3、教育心理学\全新版《教育心理学》模拟试卷4.pdf","F:\BaiduNetdiskDownload\教学资料\西安高层次人才教育类\【预测题库】西安高层次人才教育类招聘考试教育综合知识复习资料新版\全新版教师招聘-分模块模拟练习重点一一击破\3、教育心理学\全新版《教育心理学》模拟试卷4.pdf"
"35","全新版《教育心理学》模拟试卷5.pdf",".pdf","0.16","西安高层次人才教育类","教育心理学","预测押题","冲刺","保留原格式","西安高层次人才教育类\【预测题库】西安高层次人才教育类招聘考试教育综合知识复习资料新版\全新版教师招聘-分模块模拟练习重点一一击破\3、教育心理学\全新版《教育心理学》模拟试卷5.pdf","F:\BaiduNetdiskDownload\教学资料\西安高层次人才教育类\【预测题库】西安高层次人才教育类招聘考试教育综合知识复习资料新版\全新版教师招聘-分模块模拟练习重点一一击破\3、教育心理学\全新版《教育心理学》模拟试卷5.pdf"
"36","全新版《教育心理学》预测试卷（二）.pdf",".pdf","0.12","西安高层次人才教育类","教育心理学","预测押题","冲刺","保留原格式","西安高层次人才教育类\【预测题库】西安高层次人才教育类招聘考试教育综合知识复习资料新版\全新版教师招聘-分模块模拟练习重点一一击破\3、教育心理学\全新版《教育心理学》预测试卷（二）.pdf","F:\BaiduNetdiskDownload\教学资料\西安高层次人才教育类\【预测题库】西安高层次人才教育类招聘考试教育综合知识复习资料新版\全新版教师招聘-分模块模拟练习重点一一击破\3、教育心理学\全新版《教育心理学》预测试卷（二）.pdf"
"37","全新版《教育心理学》预测试卷（三）.pdf",".pdf","0.13","西安高层次人才教育类","教育心理学","预测押题","冲刺","保留原格式","西安高层次人才教育类\【预测题库】西安高层次人才教育类招聘考试教育综合知识复习资料新版\全新版教师招聘-分模块模拟练习重点一一击破\3、教育心理学\全新版《教育心理学》预测试卷（三）.pdf","F:\BaiduNetdiskDownload\教学资料\西安高层次人才教育类\【预测题库】西安高层次人才教育类招聘考试教育综合知识复习资料新版\全新版教师招聘-分模块模拟练习重点一一击破\3、教育心理学\全新版《教育心理学》预测试卷（三）.pdf"
"38","全新版《教育心理学》预测试卷（一）.pdf",".pdf","0.14","西安高层次人才教育类","教育心理学","预测押题","冲刺","保留原格式","西安高层次人才教育类\【预测题库】西安高层次人才教育类招聘考试教育综合知识复习资料新版\全新版教师招聘-分模块模拟练习重点一一击破\3、教育心理学\全新版《教育心理学》预测试卷（一）.pdf","F:\BaiduNetdiskDownload\教学资料\西安高层次人才教育类\【预测题库】西安高层次人才教育类招聘考试教育综合知识复习资料新版\全新版教师招聘-分模块模拟练习重点一一击破\3、教育心理学\全新版《教育心理学》预测试卷（一）.pdf"
"39","全新版《教育学心理学》题型分类.doc",".doc","0.2","西安高层次人才教育类","教育心理学","预测押题","冲刺","暂不批量转换，精选后再处理","西安高层次人才教育类\【预测题库】西安高层次人才教育类招聘考试教育综合知识复习资料新版\全新版教师招聘-分模块模拟练习重点一一击破\3、教育心理学\全新版《教育学心理学》题型分类.doc","F:\BaiduNetdiskDownload\教学资料\西安高层次人才教育类\【预测题库】西安高层次人才教育类招聘考试教育综合知识复习资料新版\全新版教师招聘-分模块模拟练习重点一一击破\3、教育心理学\全新版《教育学心理学》题型分类.doc"
"40","全新版教育心理学单选多选专项训练.pdf",".pdf","0.29","西安高层次人才教育类","教育心理学","预测押题","冲刺","保留原格式","西安高层次人才教育类\【预测题库】西安高层次人才教育类招聘考试教育综合知识复习资料新版\全新版教师招聘-分模块模拟练习重点一一击破\3、教育心理学\全新版教育心理学单选多选专项训练.pdf","F:\BaiduNetdiskDownload\教学资料\西安高层次人才教育类\【预测题库】西安高层次人才教育类招聘考试教育综合知识复习资料新版\全新版教师招聘-分模块模拟练习重点一一击破\3、教育心理学\全新版教育心理学单选多选专项训练.pdf"
"41","教育学复习精华.pdf",".pdf","0.57","西安高层次人才教育类","教育学","预测押题","冲刺","保留原格式","西安高层次人才教育类\【预测题库】西安高层次人才教育类招聘考试教育综合知识复习资料新版\全新版教师招聘-分模块模拟练习重点一一击破\7、综合演练\教育学复习精华.pdf","F:\BaiduNetdiskDownload\教学资料\西安高层次人才教育类\【预测题库】西安高层次人才教育类招聘考试教育综合知识复习资料新版\全新版教师招聘-分模块模拟练习重点一一击破\7、综合演练\教育学复习精华.pdf"
"42","全新版《教育学》考前预测模拟试卷（二）.pdf",".pdf","0.13","西安高层次人才教育类","教育学","预测押题","冲刺","保留原格式","西安高层次人才教育类\【预测题库】西安高层次人才教育类招聘考试教育综合知识复习资料新版\全新版教师招聘-分模块模拟练习重点一一击破\1、教育学\全新版《教育学》考前预测模拟试卷（二）.pdf","F:\BaiduNetdiskDownload\教学资料\西安高层次人才教育类\【预测题库】西安高层次人才教育类招聘考试教育综合知识复习资料新版\全新版教师招聘-分模块模拟练习重点一一击破\1、教育学\全新版《教育学》考前预测模拟试卷（二）.pdf"
"43","全新版《教育学》考前预测模拟试卷（三）.pdf",".pdf","0.13","西安高层次人才教育类","教育学","预测押题","冲刺","保留原格式","西安高层次人才教育类\【预测题库】西安高层次人才教育类招聘考试教育综合知识复习资料新版\全新版教师招聘-分模块模拟练习重点一一击破\1、教育学\全新版《教育学》考前预测模拟试卷（三）.pdf","F:\BaiduNetdiskDownload\教学资料\西安高层次人才教育类\【预测题库】西安高层次人才教育类招聘考试教育综合知识复习资料新版\全新版教师招聘-分模块模拟练习重点一一击破\1、教育学\全新版《教育学》考前预测模拟试卷（三）.pdf"
"44","全新版《教育学》考前预测模拟试卷（一）.pdf",".pdf","0.12","西安高层次人才教育类","教育学","预测押题","冲刺","保留原格式","西安高层次人才教育类\【预测题库】西安高层次人才教育类招聘考试教育综合知识复习资料新版\全新版教师招聘-分模块模拟练习重点一一击破\1、教育学\全新版《教育学》考前预测模拟试卷（一）.pdf","F:\BaiduNetdiskDownload\教学资料\西安高层次人才教育类\【预测题库】西安高层次人才教育类招聘考试教育综合知识复习资料新版\全新版教师招聘-分模块模拟练习重点一一击破\1、教育学\全新版《教育学》考前预测模拟试卷（一）.pdf"
"45","全新版教师招聘考试教育学分章练习题集(客观题).doc",".doc","0.15","西安高层次人才教育类","教育学","预测押题","冲刺","暂不批量转换，精选后再处理","西安高层次人才教育类\【预测题库】西安高层次人才教育类招聘考试教育综合知识复习资料新版\全新版教师招聘-分模块模拟练习重点一一击破\1、教育学\全新版教师招聘考试教育学分章练习题集(客观题).doc","F:\BaiduNetdiskDownload\教学资料\西安高层次人才教育类\【预测题库】西安高层次人才教育类招聘考试教育综合知识复习资料新版\全新版教师招聘-分模块模拟练习重点一一击破\1、教育学\全新版教师招聘考试教育学分章练习题集(客观题).doc"
"46","【14】全新教师招聘考试教育综合知识专家扫盲押题试卷（内部资料）12套_【金榜题名教育培训】.doc",".doc","29.91","西安高层次人才教育类","教育综合","预测押题","冲刺","暂不批量转换，精选后再处理","西安高层次人才教育类\全新西安高层次人才教育类招聘【教基】考试必过复习资料价值980元新版\【14】全新教师招聘考试教育综合知识专家扫盲押题试卷（内部资料）12套_【金榜题名教育培训】.doc","F:\BaiduNetdiskDownload\教学资料\西安高层次人才教育类\全新西安高层次人才教育类招聘【教基】考试必过复习资料价值980元新版\【14】全新教师招聘考试教育综合知识专家扫盲押题试卷（内部资料）12套_【金榜题名教育培训】.doc"
"47","【15】全新教师招聘考试教育综合知识专家权威押题试卷（内部资料）12套_【金榜题名教育培训】.doc",".doc","32.7","西安高层次人才教育类","教育综合","预测押题","冲刺","暂不批量转换，精选后再处理","西安高层次人才教育类\全新西安高层次人才教育类招聘【教基】考试必过复习资料价值980元新版\【15】全新教师招聘考试教育综合知识专家权威押题试卷（内部资料）12套_【金榜题名教育培训】.doc","F:\BaiduNetdiskDownload\教学资料\西安高层次人才教育类\全新西安高层次人才教育类招聘【教基】考试必过复习资料价值980元新版\【15】全新教师招聘考试教育综合知识专家权威押题试卷（内部资料）12套_【金榜题名教育培训】.doc"
"48","国家中长期教育改革和发展规划纲要.pdf",".pdf","0.5","西安高层次人才教育类","教育综合","预测押题","冲刺","保留原格式","西安高层次人才教育类\【预测题库】西安高层次人才教育类招聘考试教育综合知识复习资料新版\全新版教师招聘-分模块模拟练习重点一一击破\7、综合演练\国家中长期教育改革和发展规划纲要.pdf","F:\BaiduNetdiskDownload\教学资料\西安高层次人才教育类\【预测题库】西安高层次人才教育类招聘考试教育综合知识复习资料新版\全新版教师招聘-分模块模拟练习重点一一击破\7、综合演练\国家中长期教育改革和发展规划纲要.pdf"
"49","教师招聘考试教育综合知识1000题1.0版本.pdf",".pdf","2.07","西安高层次人才教育类","教育综合","预测押题","冲刺","保留原格式","西安高层次人才教育类\【预测题库】西安高层次人才教育类招聘考试教育综合知识复习资料新版\考前必刷教综精选1000题、300题\教师招聘考试教育综合知识1000题1.0版本.pdf","F:\BaiduNetdiskDownload\教学资料\西安高层次人才教育类\【预测题库】西安高层次人才教育类招聘考试教育综合知识复习资料新版\考前必刷教综精选1000题、300题\教师招聘考试教育综合知识1000题1.0版本.pdf"
"50","教师招聘考试教育综合知识1000题2.0版本.pdf",".pdf","0.99","西安高层次人才教育类","教育综合","预测押题","冲刺","保留原格式","西安高层次人才教育类\【预测题库】西安高层次人才教育类招聘考试教育综合知识复习资料新版\考前必刷教综精选1000题、300题\教师招聘考试教育综合知识1000题2.0版本.pdf","F:\BaiduNetdiskDownload\教学资料\西安高层次人才教育类\【预测题库】西安高层次人才教育类招聘考试教育综合知识复习资料新版\考前必刷教综精选1000题、300题\教师招聘考试教育综合知识1000题2.0版本.pdf"
"51","教学技能.pdf",".pdf","0.19","西安高层次人才教育类","教育综合","预测押题","冲刺","保留原格式","西安高层次人才教育类\【预测题库】西安高层次人才教育类招聘考试教育综合知识复习资料新版\全新版教师招聘-分模块模拟练习重点一一击破\7、综合演练\教学技能.pdf","F:\BaiduNetdiskDownload\教学资料\西安高层次人才教育类\【预测题库】西安高层次人才教育类招聘考试教育综合知识复习资料新版\全新版教师招聘-分模块模拟练习重点一一击破\7、综合演练\教学技能.pdf"
"52","教育综合知识1400题-单选题-800题-题本.docx",".docx","0.21","西安高层次人才教育类","教育综合","预测押题","冲刺","保留原格式","西安高层次人才教育类\【预测题库】西安高层次人才教育类招聘考试教育综合知识复习资料新版\（单多判）教育综合知识1400题\教育综合知识1400题-单选题-800题-题本.docx","F:\BaiduNetdiskDownload\教学资料\西安高层次人才教育类\【预测题库】西安高层次人才教育类招聘考试教育综合知识复习资料新版\（单多判）教育综合知识1400题\教育综合知识1400题-单选题-800题-题本.docx"
"53","教育综合知识1400题-多选题-300题-题本.docx",".docx","0.09","西安高层次人才教育类","教育综合","预测押题","冲刺","保留原格式","西安高层次人才教育类\【预测题库】西安高层次人才教育类招聘考试教育综合知识复习资料新版\（单多判）教育综合知识1400题\教育综合知识1400题-多选题-300题-题本.docx","F:\BaiduNetdiskDownload\教学资料\西安高层次人才教育类\【预测题库】西安高层次人才教育类招聘考试教育综合知识复习资料新版\（单多判）教育综合知识1400题\教育综合知识1400题-多选题-300题-题本.docx"
"54","教育综合知识1400题-判断题-300题-题本.docx",".docx","0.05","西安高层次人才教育类","教育综合","预测押题","冲刺","保留原格式","西安高层次人才教育类\【预测题库】西安高层次人才教育类招聘考试教育综合知识复习资料新版\（单多判）教育综合知识1400题\教育综合知识1400题-判断题-300题-题本.docx","F:\BaiduNetdiskDownload\教学资料\西安高层次人才教育类\【预测题库】西安高层次人才教育类招聘考试教育综合知识复习资料新版\（单多判）教育综合知识1400题\教育综合知识1400题-判断题-300题-题本.docx"
"55","教综上岸必刷300题.pdf",".pdf","0.69","西安高层次人才教育类","教育综合","预测押题","冲刺","保留原格式","西安高层次人才教育类\【预测题库】西安高层次人才教育类招聘考试教育综合知识复习资料新版\考前必刷教综精选1000题、300题\教综上岸必刷300题.pdf","F:\BaiduNetdiskDownload\教学资料\西安高层次人才教育类\【预测题库】西安高层次人才教育类招聘考试教育综合知识复习资料新版\考前必刷教综精选1000题、300题\教综上岸必刷300题.pdf"
"56","全新版教师招聘模拟卷（八）.pdf",".pdf","0.37","西安高层次人才教育类","教育综合","预测押题","冲刺","保留原格式","西安高层次人才教育类\【预测题库】西安高层次人才教育类招聘考试教育综合知识复习资料新版\全新版教师招聘【教育综合知识】-预测模拟试卷十套\全新版教师招聘模拟卷（八）.pdf","F:\BaiduNetdiskDownload\教学资料\西安高层次人才教育类\【预测题库】西安高层次人才教育类招聘考试教育综合知识复习资料新版\全新版教师招聘【教育综合知识】-预测模拟试卷十套\全新版教师招聘模拟卷（八）.pdf"
"57","全新版教师招聘模拟卷（九）.pdf",".pdf","0.22","西安高层次人才教育类","教育综合","预测押题","冲刺","保留原格式","西安高层次人才教育类\【预测题库】西安高层次人才教育类招聘考试教育综合知识复习资料新版\全新版教师招聘【教育综合知识】-预测模拟试卷十套\全新版教师招聘模拟卷（九）.pdf","F:\BaiduNetdiskDownload\教学资料\西安高层次人才教育类\【预测题库】西安高层次人才教育类招聘考试教育综合知识复习资料新版\全新版教师招聘【教育综合知识】-预测模拟试卷十套\全新版教师招聘模拟卷（九）.pdf"
"58","全新版教师招聘模拟卷（六）.pdf",".pdf","0.29","西安高层次人才教育类","教育综合","预测押题","冲刺","保留原格式","西安高层次人才教育类\【预测题库】西安高层次人才教育类招聘考试教育综合知识复习资料新版\全新版教师招聘【教育综合知识】-预测模拟试卷十套\全新版教师招聘模拟卷（六）.pdf","F:\BaiduNetdiskDownload\教学资料\西安高层次人才教育类\【预测题库】西安高层次人才教育类招聘考试教育综合知识复习资料新版\全新版教师招聘【教育综合知识】-预测模拟试卷十套\全新版教师招聘模拟卷（六）.pdf"
"59","全新版教师招聘模拟卷（七）.pdf",".pdf","0.32","西安高层次人才教育类","教育综合","预测押题","冲刺","保留原格式","西安高层次人才教育类\【预测题库】西安高层次人才教育类招聘考试教育综合知识复习资料新版\全新版教师招聘【教育综合知识】-预测模拟试卷十套\全新版教师招聘模拟卷（七）.pdf","F:\BaiduNetdiskDownload\教学资料\西安高层次人才教育类\【预测题库】西安高层次人才教育类招聘考试教育综合知识复习资料新版\全新版教师招聘【教育综合知识】-预测模拟试卷十套\全新版教师招聘模拟卷（七）.pdf"
"60","全新版教师招聘模拟卷（三）.pdf",".pdf","0.21","西安高层次人才教育类","教育综合","预测押题","冲刺","保留原格式","西安高层次人才教育类\【预测题库】西安高层次人才教育类招聘考试教育综合知识复习资料新版\全新版教师招聘【教育综合知识】-预测模拟试卷十套\全新版教师招聘模拟卷（三）.pdf","F:\BaiduNetdiskDownload\教学资料\西安高层次人才教育类\【预测题库】西安高层次人才教育类招聘考试教育综合知识复习资料新版\全新版教师招聘【教育综合知识】-预测模拟试卷十套\全新版教师招聘模拟卷（三）.pdf"
"61","全新版教师招聘模拟卷（十）.pdf",".pdf","0.48","西安高层次人才教育类","教育综合","预测押题","冲刺","保留原格式","西安高层次人才教育类\【预测题库】西安高层次人才教育类招聘考试教育综合知识复习资料新版\全新版教师招聘【教育综合知识】-预测模拟试卷十套\全新版教师招聘模拟卷（十）.pdf","F:\BaiduNetdiskDownload\教学资料\西安高层次人才教育类\【预测题库】西安高层次人才教育类招聘考试教育综合知识复习资料新版\全新版教师招聘【教育综合知识】-预测模拟试卷十套\全新版教师招聘模拟卷（十）.pdf"
"62","全新版教师招聘模拟卷（四）.pdf",".pdf","0.37","西安高层次人才教育类","教育综合","预测押题","冲刺","保留原格式","西安高层次人才教育类\【预测题库】西安高层次人才教育类招聘考试教育综合知识复习资料新版\全新版教师招聘【教育综合知识】-预测模拟试卷十套\全新版教师招聘模拟卷（四）.pdf","F:\BaiduNetdiskDownload\教学资料\西安高层次人才教育类\【预测题库】西安高层次人才教育类招聘考试教育综合知识复习资料新版\全新版教师招聘【教育综合知识】-预测模拟试卷十套\全新版教师招聘模拟卷（四）.pdf"
"63","全新版教师招聘模拟卷（一）.pdf",".pdf","0.23","西安高层次人才教育类","教育综合","预测押题","冲刺","保留原格式","西安高层次人才教育类\【预测题库】西安高层次人才教育类招聘考试教育综合知识复习资料新版\全新版教师招聘【教育综合知识】-预测模拟试卷十套\全新版教师招聘模拟卷（一）.pdf","F:\BaiduNetdiskDownload\教学资料\西安高层次人才教育类\【预测题库】西安高层次人才教育类招聘考试教育综合知识复习资料新版\全新版教师招聘【教育综合知识】-预测模拟试卷十套\全新版教师招聘模拟卷（一）.pdf"
"64","全新版教师招聘——上岸考生考过状元笔记.pdf",".pdf","17.88","西安高层次人才教育类","教育综合","预测押题","冲刺","保留原格式","西安高层次人才教育类\【预测题库】西安高层次人才教育类招聘考试教育综合知识复习资料新版\全新版教师招聘——上岸考生考过状元笔记.pdf","F:\BaiduNetdiskDownload\教学资料\西安高层次人才教育类\【预测题库】西安高层次人才教育类招聘考试教育综合知识复习资料新版\全新版教师招聘——上岸考生考过状元笔记.pdf"
"65","全新版教育基础知识笔试核心考点【图书扫描版】.pdf",".pdf","168.28","西安高层次人才教育类","教育综合","预测押题","冲刺","保留原格式","西安高层次人才教育类\【预测题库】西安高层次人才教育类招聘考试教育综合知识复习资料新版\全新版教育基础知识笔试核心考点【图书扫描版】.pdf","F:\BaiduNetdiskDownload\教学资料\西安高层次人才教育类\【预测题库】西安高层次人才教育类招聘考试教育综合知识复习资料新版\全新版教育基础知识笔试核心考点【图书扫描版】.pdf"
"66","全新教师招聘模拟卷（二）.pdf",".pdf","0.3","西安高层次人才教育类","教育综合","预测押题","冲刺","保留原格式","西安高层次人才教育类\【预测题库】西安高层次人才教育类招聘考试教育综合知识复习资料新版\全新版教师招聘【教育综合知识】-预测模拟试卷十套\全新教师招聘模拟卷（二）.pdf","F:\BaiduNetdiskDownload\教学资料\西安高层次人才教育类\【预测题库】西安高层次人才教育类招聘考试教育综合知识复习资料新版\全新版教师招聘【教育综合知识】-预测模拟试卷十套\全新教师招聘模拟卷（二）.pdf"
"67","全新教师招聘模拟卷（五）.pdf",".pdf","0.29","西安高层次人才教育类","教育综合","预测押题","冲刺","保留原格式","西安高层次人才教育类\【预测题库】西安高层次人才教育类招聘考试教育综合知识复习资料新版\全新版教师招聘【教育综合知识】-预测模拟试卷十套\全新教师招聘模拟卷（五）.pdf","F:\BaiduNetdiskDownload\教学资料\西安高层次人才教育类\【预测题库】西安高层次人才教育类招聘考试教育综合知识复习资料新版\全新版教师招聘【教育综合知识】-预测模拟试卷十套\全新教师招聘模拟卷（五）.pdf"
"68","【1】全新教师招聘考试《教育综合知识》考试考点背诵总结_【金榜题名教育培训】.doc",".doc","1.02","西安高层次人才教育类","教育综合","主观题背诵","冲刺","暂不批量转换，精选后再处理","西安高层次人才教育类\全新西安高层次人才教育类招聘【教基】考试必过复习资料价值980元新版\【1】全新教师招聘考试《教育综合知识》考试考点背诵总结_【金榜题名教育培训】.doc","F:\BaiduNetdiskDownload\教学资料\西安高层次人才教育类\全新西安高层次人才教育类招聘【教基】考试必过复习资料价值980元新版\【1】全新教师招聘考试《教育综合知识》考试考点背诵总结_【金榜题名教育培训】.doc"
"69","全新版教育基础知识——教育理论考前背诵版.doc",".doc","0.8","西安高层次人才教育类","教育综合","主观题背诵","冲刺","暂不批量转换，精选后再处理","西安高层次人才教育类\【预测题库】西安高层次人才教育类招聘考试教育综合知识复习资料新版\全新版教育基础知识——教育理论考前背诵版.doc","F:\BaiduNetdiskDownload\教学资料\西安高层次人才教育类\【预测题库】西安高层次人才教育类招聘考试教育综合知识复习资料新版\全新版教育基础知识——教育理论考前背诵版.doc"
"70","全新版《心理学》考前预测模拟试卷（二）.pdf",".pdf","0.12","西安高层次人才教育类","心理学","预测押题","冲刺","保留原格式","西安高层次人才教育类\【预测题库】西安高层次人才教育类招聘考试教育综合知识复习资料新版\全新版教师招聘-分模块模拟练习重点一一击破\2、心理学\全新版《心理学》考前预测模拟试卷（二）.pdf","F:\BaiduNetdiskDownload\教学资料\西安高层次人才教育类\【预测题库】西安高层次人才教育类招聘考试教育综合知识复习资料新版\全新版教师招聘-分模块模拟练习重点一一击破\2、心理学\全新版《心理学》考前预测模拟试卷（二）.pdf"
"71","全新版《心理学》考前预测模拟试卷（三）.pdf",".pdf","0.1","西安高层次人才教育类","心理学","预测押题","冲刺","保留原格式","西安高层次人才教育类\【预测题库】西安高层次人才教育类招聘考试教育综合知识复习资料新版\全新版教师招聘-分模块模拟练习重点一一击破\2、心理学\全新版《心理学》考前预测模拟试卷（三）.pdf","F:\BaiduNetdiskDownload\教学资料\西安高层次人才教育类\【预测题库】西安高层次人才教育类招聘考试教育综合知识复习资料新版\全新版教师招聘-分模块模拟练习重点一一击破\2、心理学\全新版《心理学》考前预测模拟试卷（三）.pdf"
"72","全新版《心理学》考前预测模拟试卷（一）.pdf",".pdf","0.13","西安高层次人才教育类","心理学","预测押题","冲刺","保留原格式","西安高层次人才教育类\【预测题库】西安高层次人才教育类招聘考试教育综合知识复习资料新版\全新版教师招聘-分模块模拟练习重点一一击破\2、心理学\全新版《心理学》考前预测模拟试卷（一）.pdf","F:\BaiduNetdiskDownload\教学资料\西安高层次人才教育类\【预测题库】西安高层次人才教育类招聘考试教育综合知识复习资料新版\全新版教师招聘-分模块模拟练习重点一一击破\2、心理学\全新版《心理学》考前预测模拟试卷（一）.pdf"
"73","心理学复习精华.pdf",".pdf","1.02","西安高层次人才教育类","心理学","预测押题","冲刺","保留原格式","西安高层次人才教育类\【预测题库】西安高层次人才教育类招聘考试教育综合知识复习资料新版\全新版教师招聘-分模块模拟练习重点一一击破\7、综合演练\心理学复习精华.pdf","F:\BaiduNetdiskDownload\教学资料\西安高层次人才教育类\【预测题库】西安高层次人才教育类招聘考试教育综合知识复习资料新版\全新版教师招聘-分模块模拟练习重点一一击破\7、综合演练\心理学复习精华.pdf"
"74","全新版 新课程改革专项练习.pdf",".pdf","0.21","西安高层次人才教育类","新课程改革","预测押题","冲刺","保留原格式","西安高层次人才教育类\【预测题库】西安高层次人才教育类招聘考试教育综合知识复习资料新版\全新版教师招聘-分模块模拟练习重点一一击破\6、新课程改革\全新版 新课程改革专项练习.pdf","F:\BaiduNetdiskDownload\教学资料\西安高层次人才教育类\【预测题库】西安高层次人才教育类招聘考试教育综合知识复习资料新版\全新版教师招聘-分模块模拟练习重点一一击破\6、新课程改革\全新版 新课程改革专项练习.pdf"
"75","全新版 新课改模拟题共2套.pdf",".pdf","0.28","西安高层次人才教育类","新课程改革","预测押题","冲刺","保留原格式","西安高层次人才教育类\【预测题库】西安高层次人才教育类招聘考试教育综合知识复习资料新版\全新版教师招聘-分模块模拟练习重点一一击破\6、新课程改革\全新版 新课改模拟题共2套.pdf","F:\BaiduNetdiskDownload\教学资料\西安高层次人才教育类\【预测题库】西安高层次人才教育类招聘考试教育综合知识复习资料新版\全新版教师招聘-分模块模拟练习重点一一击破\6、新课程改革\全新版 新课改模拟题共2套.pdf"
"76","全新版《新课改》复习提纲要点.doc",".doc","0.12","西安高层次人才教育类","新课程改革","预测押题","冲刺","暂不批量转换，精选后再处理","西安高层次人才教育类\【预测题库】西安高层次人才教育类招聘考试教育综合知识复习资料新版\全新版教师招聘-分模块模拟练习重点一一击破\6、新课程改革\全新版《新课改》复习提纲要点.doc","F:\BaiduNetdiskDownload\教学资料\西安高层次人才教育类\【预测题库】西安高层次人才教育类招聘考试教育综合知识复习资料新版\全新版教师招聘-分模块模拟练习重点一一击破\6、新课程改革\全新版《新课改》复习提纲要点.doc"
"77","全新版《新课改》考点梳理.pdf",".pdf","0.17","西安高层次人才教育类","新课程改革","预测押题","冲刺","保留原格式","西安高层次人才教育类\【预测题库】西安高层次人才教育类招聘考试教育综合知识复习资料新版\全新版教师招聘-分模块模拟练习重点一一击破\6、新课程改革\全新版《新课改》考点梳理.pdf","F:\BaiduNetdiskDownload\教学资料\西安高层次人才教育类\【预测题库】西安高层次人才教育类招聘考试教育综合知识复习资料新版\全新版教师招聘-分模块模拟练习重点一一击破\6、新课程改革\全新版《新课改》考点梳理.pdf"
"78","新课程改革复习精华.pdf",".pdf","0.5","西安高层次人才教育类","新课程改革","预测押题","冲刺","保留原格式","西安高层次人才教育类\【预测题库】西安高层次人才教育类招聘考试教育综合知识复习资料新版\全新版教师招聘-分模块模拟练习重点一一击破\7、综合演练\新课程改革复习精华.pdf","F:\BaiduNetdiskDownload\教学资料\西安高层次人才教育类\【预测题库】西安高层次人才教育类招聘考试教育综合知识复习资料新版\全新版教师招聘-分模块模拟练习重点一一击破\7、综合演练\新课程改革复习精华.pdf"
"79","新课改核心理念（5页）.pdf",".pdf","0.16","西安高层次人才教育类","新课程改革","预测押题","冲刺","保留原格式","西安高层次人才教育类\【预测题库】西安高层次人才教育类招聘考试教育综合知识复习资料新版\新课改核心理念\新课改核心理念（5页）.pdf","F:\BaiduNetdiskDownload\教学资料\西安高层次人才教育类\【预测题库】西安高层次人才教育类招聘考试教育综合知识复习资料新版\新课改核心理念\新课改核心理念（5页）.pdf"
"80","《重点》全新【职测】高频考点讲义汇总.pdf",".pdf","1.84","西安高层次人才教育类","职测/行测","预测押题","冲刺","保留原格式","西安高层次人才教育类\【重点必过】西安高层次人才教育类招聘职业能力测试讲义题库重点\5. 全真测试-《行政职业能力测试》历年试题模拟预测名师密押试卷\《重点》全新【职测】高频考点讲义汇总.pdf","F:\BaiduNetdiskDownload\教学资料\西安高层次人才教育类\【重点必过】西安高层次人才教育类招聘职业能力测试讲义题库重点\5. 全真测试-《行政职业能力测试》历年试题模拟预测名师密押试卷\《重点》全新【职测】高频考点讲义汇总.pdf"
"81","《重点》全新【职测】三色笔记加强记忆版.pdf",".pdf","16.36","西安高层次人才教育类","职测/行测","预测押题","冲刺","保留原格式","西安高层次人才教育类\【重点必过】西安高层次人才教育类招聘职业能力测试讲义题库重点\5. 全真测试-《行政职业能力测试》历年试题模拟预测名师密押试卷\《重点》全新【职测】三色笔记加强记忆版.pdf","F:\BaiduNetdiskDownload\教学资料\西安高层次人才教育类\【重点必过】西安高层次人才教育类招聘职业能力测试讲义题库重点\5. 全真测试-《行政职业能力测试》历年试题模拟预测名师密押试卷\《重点》全新【职测】三色笔记加强记忆版.pdf"
"82","《重点》全新【职测】题库必考预测试题.pdf",".pdf","7.22","西安高层次人才教育类","职测/行测","预测押题","冲刺","保留原格式","西安高层次人才教育类\【重点必过】西安高层次人才教育类招聘职业能力测试讲义题库重点\5. 全真测试-《行政职业能力测试》历年试题模拟预测名师密押试卷\《重点》全新【职测】题库必考预测试题.pdf","F:\BaiduNetdiskDownload\教学资料\西安高层次人才教育类\【重点必过】西安高层次人才教育类招聘职业能力测试讲义题库重点\5. 全真测试-《行政职业能力测试》历年试题模拟预测名师密押试卷\《重点》全新【职测】题库必考预测试题.pdf"
"83","【全新版】历年试题汇编模拟卷二.pdf",".pdf","0.81","西安高层次人才教育类","职测/行测","预测押题","冲刺","保留原格式","西安高层次人才教育类\【重点必过】西安高层次人才教育类招聘职业能力测试讲义题库重点\5. 全真测试-《行政职业能力测试》历年试题模拟预测名师密押试卷\【全新版】历年试题汇编模拟卷二.pdf","F:\BaiduNetdiskDownload\教学资料\西安高层次人才教育类\【重点必过】西安高层次人才教育类招聘职业能力测试讲义题库重点\5. 全真测试-《行政职业能力测试》历年试题模拟预测名师密押试卷\【全新版】历年试题汇编模拟卷二.pdf"
"84","【全新版】历年试题汇编模拟卷三.pdf",".pdf","0.67","西安高层次人才教育类","职测/行测","预测押题","冲刺","保留原格式","西安高层次人才教育类\【重点必过】西安高层次人才教育类招聘职业能力测试讲义题库重点\5. 全真测试-《行政职业能力测试》历年试题模拟预测名师密押试卷\【全新版】历年试题汇编模拟卷三.pdf","F:\BaiduNetdiskDownload\教学资料\西安高层次人才教育类\【重点必过】西安高层次人才教育类招聘职业能力测试讲义题库重点\5. 全真测试-《行政职业能力测试》历年试题模拟预测名师密押试卷\【全新版】历年试题汇编模拟卷三.pdf"
"85","【全新版】历年试题汇编模拟卷四.pdf",".pdf","0.67","西安高层次人才教育类","职测/行测","预测押题","冲刺","保留原格式","西安高层次人才教育类\【重点必过】西安高层次人才教育类招聘职业能力测试讲义题库重点\5. 全真测试-《行政职业能力测试》历年试题模拟预测名师密押试卷\【全新版】历年试题汇编模拟卷四.pdf","F:\BaiduNetdiskDownload\教学资料\西安高层次人才教育类\【重点必过】西安高层次人才教育类招聘职业能力测试讲义题库重点\5. 全真测试-《行政职业能力测试》历年试题模拟预测名师密押试卷\【全新版】历年试题汇编模拟卷四.pdf"
"86","【全新版】历年试题汇编模拟卷一.pdf",".pdf","0.68","西安高层次人才教育类","职测/行测","预测押题","冲刺","保留原格式","西安高层次人才教育类\【重点必过】西安高层次人才教育类招聘职业能力测试讲义题库重点\5. 全真测试-《行政职业能力测试》历年试题模拟预测名师密押试卷\【全新版】历年试题汇编模拟卷一.pdf","F:\BaiduNetdiskDownload\教学资料\西安高层次人才教育类\【重点必过】西安高层次人才教育类招聘职业能力测试讲义题库重点\5. 全真测试-《行政职业能力测试》历年试题模拟预测名师密押试卷\【全新版】历年试题汇编模拟卷一.pdf"
"87","新版行政职业能力测验模拟卷  (1).doc",".doc","0.51","西安高层次人才教育类","职测/行测","预测押题","冲刺","暂不批量转换，精选后再处理","西安高层次人才教育类\【重点必过】西安高层次人才教育类招聘职业能力测试讲义题库重点\5. 全真测试-《行政职业能力测试》历年试题模拟预测名师密押试卷\新版《行政职业能力测试》模拟卷2\新版行政职业能力测验模拟卷  (1).doc","F:\BaiduNetdiskDownload\教学资料\西安高层次人才教育类\【重点必过】西安高层次人才教育类招聘职业能力测试讲义题库重点\5. 全真测试-《行政职业能力测试》历年试题模拟预测名师密押试卷\新版《行政职业能力测试》模拟卷2\新版行政职业能力测验模拟卷  (1).doc"
"88","新版行政职业能力测验模拟卷  (10).doc",".doc","1.16","西安高层次人才教育类","职测/行测","预测押题","冲刺","暂不批量转换，精选后再处理","西安高层次人才教育类\【重点必过】西安高层次人才教育类招聘职业能力测试讲义题库重点\5. 全真测试-《行政职业能力测试》历年试题模拟预测名师密押试卷\新版《行政职业能力测试》模拟卷2\新版行政职业能力测验模拟卷  (10).doc","F:\BaiduNetdiskDownload\教学资料\西安高层次人才教育类\【重点必过】西安高层次人才教育类招聘职业能力测试讲义题库重点\5. 全真测试-《行政职业能力测试》历年试题模拟预测名师密押试卷\新版《行政职业能力测试》模拟卷2\新版行政职业能力测验模拟卷  (10).doc"
"89","新版行政职业能力测验模拟卷  (11).doc",".doc","0.31","西安高层次人才教育类","职测/行测","预测押题","冲刺","暂不批量转换，精选后再处理","西安高层次人才教育类\【重点必过】西安高层次人才教育类招聘职业能力测试讲义题库重点\5. 全真测试-《行政职业能力测试》历年试题模拟预测名师密押试卷\新版《行政职业能力测试》模拟卷2\新版行政职业能力测验模拟卷  (11).doc","F:\BaiduNetdiskDownload\教学资料\西安高层次人才教育类\【重点必过】西安高层次人才教育类招聘职业能力测试讲义题库重点\5. 全真测试-《行政职业能力测试》历年试题模拟预测名师密押试卷\新版《行政职业能力测试》模拟卷2\新版行政职业能力测验模拟卷  (11).doc"
"90","新版行政职业能力测验模拟卷  (12).doc",".doc","0.5","西安高层次人才教育类","职测/行测","预测押题","冲刺","暂不批量转换，精选后再处理","西安高层次人才教育类\【重点必过】西安高层次人才教育类招聘职业能力测试讲义题库重点\5. 全真测试-《行政职业能力测试》历年试题模拟预测名师密押试卷\新版《行政职业能力测试》模拟卷2\新版行政职业能力测验模拟卷  (12).doc","F:\BaiduNetdiskDownload\教学资料\西安高层次人才教育类\【重点必过】西安高层次人才教育类招聘职业能力测试讲义题库重点\5. 全真测试-《行政职业能力测试》历年试题模拟预测名师密押试卷\新版《行政职业能力测试》模拟卷2\新版行政职业能力测验模拟卷  (12).doc"
"91","新版行政职业能力测验模拟卷  (13).doc",".doc","0.41","西安高层次人才教育类","职测/行测","预测押题","冲刺","暂不批量转换，精选后再处理","西安高层次人才教育类\【重点必过】西安高层次人才教育类招聘职业能力测试讲义题库重点\5. 全真测试-《行政职业能力测试》历年试题模拟预测名师密押试卷\新版《行政职业能力测试》模拟卷2\新版行政职业能力测验模拟卷  (13).doc","F:\BaiduNetdiskDownload\教学资料\西安高层次人才教育类\【重点必过】西安高层次人才教育类招聘职业能力测试讲义题库重点\5. 全真测试-《行政职业能力测试》历年试题模拟预测名师密押试卷\新版《行政职业能力测试》模拟卷2\新版行政职业能力测验模拟卷  (13).doc"
"92","新版行政职业能力测验模拟卷  (14).doc",".doc","0.51","西安高层次人才教育类","职测/行测","预测押题","冲刺","暂不批量转换，精选后再处理","西安高层次人才教育类\【重点必过】西安高层次人才教育类招聘职业能力测试讲义题库重点\5. 全真测试-《行政职业能力测试》历年试题模拟预测名师密押试卷\新版《行政职业能力测试》模拟卷2\新版行政职业能力测验模拟卷  (14).doc","F:\BaiduNetdiskDownload\教学资料\西安高层次人才教育类\【重点必过】西安高层次人才教育类招聘职业能力测试讲义题库重点\5. 全真测试-《行政职业能力测试》历年试题模拟预测名师密押试卷\新版《行政职业能力测试》模拟卷2\新版行政职业能力测验模拟卷  (14).doc"
"93","新版行政职业能力测验模拟卷  (15).doc",".doc","2.21","西安高层次人才教育类","职测/行测","预测押题","冲刺","暂不批量转换，精选后再处理","西安高层次人才教育类\【重点必过】西安高层次人才教育类招聘职业能力测试讲义题库重点\5. 全真测试-《行政职业能力测试》历年试题模拟预测名师密押试卷\新版《行政职业能力测试》模拟卷2\新版行政职业能力测验模拟卷  (15).doc","F:\BaiduNetdiskDownload\教学资料\西安高层次人才教育类\【重点必过】西安高层次人才教育类招聘职业能力测试讲义题库重点\5. 全真测试-《行政职业能力测试》历年试题模拟预测名师密押试卷\新版《行政职业能力测试》模拟卷2\新版行政职业能力测验模拟卷  (15).doc"
"94","新版行政职业能力测验模拟卷  (16).doc",".doc","0.47","西安高层次人才教育类","职测/行测","预测押题","冲刺","暂不批量转换，精选后再处理","西安高层次人才教育类\【重点必过】西安高层次人才教育类招聘职业能力测试讲义题库重点\5. 全真测试-《行政职业能力测试》历年试题模拟预测名师密押试卷\新版《行政职业能力测试》模拟卷2\新版行政职业能力测验模拟卷  (16).doc","F:\BaiduNetdiskDownload\教学资料\西安高层次人才教育类\【重点必过】西安高层次人才教育类招聘职业能力测试讲义题库重点\5. 全真测试-《行政职业能力测试》历年试题模拟预测名师密押试卷\新版《行政职业能力测试》模拟卷2\新版行政职业能力测验模拟卷  (16).doc"
"95","新版行政职业能力测验模拟卷  (17).doc",".doc","0.28","西安高层次人才教育类","职测/行测","预测押题","冲刺","暂不批量转换，精选后再处理","西安高层次人才教育类\【重点必过】西安高层次人才教育类招聘职业能力测试讲义题库重点\5. 全真测试-《行政职业能力测试》历年试题模拟预测名师密押试卷\新版《行政职业能力测试》模拟卷2\新版行政职业能力测验模拟卷  (17).doc","F:\BaiduNetdiskDownload\教学资料\西安高层次人才教育类\【重点必过】西安高层次人才教育类招聘职业能力测试讲义题库重点\5. 全真测试-《行政职业能力测试》历年试题模拟预测名师密押试卷\新版《行政职业能力测试》模拟卷2\新版行政职业能力测验模拟卷  (17).doc"
"96","新版行政职业能力测验模拟卷  (18).doc",".doc","0.32","西安高层次人才教育类","职测/行测","预测押题","冲刺","暂不批量转换，精选后再处理","西安高层次人才教育类\【重点必过】西安高层次人才教育类招聘职业能力测试讲义题库重点\5. 全真测试-《行政职业能力测试》历年试题模拟预测名师密押试卷\新版《行政职业能力测试》模拟卷2\新版行政职业能力测验模拟卷  (18).doc","F:\BaiduNetdiskDownload\教学资料\西安高层次人才教育类\【重点必过】西安高层次人才教育类招聘职业能力测试讲义题库重点\5. 全真测试-《行政职业能力测试》历年试题模拟预测名师密押试卷\新版《行政职业能力测试》模拟卷2\新版行政职业能力测验模拟卷  (18).doc"
"97","新版行政职业能力测验模拟卷  (19).doc",".doc","0.27","西安高层次人才教育类","职测/行测","预测押题","冲刺","暂不批量转换，精选后再处理","西安高层次人才教育类\【重点必过】西安高层次人才教育类招聘职业能力测试讲义题库重点\5. 全真测试-《行政职业能力测试》历年试题模拟预测名师密押试卷\新版《行政职业能力测试》模拟卷2\新版行政职业能力测验模拟卷  (19).doc","F:\BaiduNetdiskDownload\教学资料\西安高层次人才教育类\【重点必过】西安高层次人才教育类招聘职业能力测试讲义题库重点\5. 全真测试-《行政职业能力测试》历年试题模拟预测名师密押试卷\新版《行政职业能力测试》模拟卷2\新版行政职业能力测验模拟卷  (19).doc"
"98","新版行政职业能力测验模拟卷  (2).doc",".doc","0.57","西安高层次人才教育类","职测/行测","预测押题","冲刺","暂不批量转换，精选后再处理","西安高层次人才教育类\【重点必过】西安高层次人才教育类招聘职业能力测试讲义题库重点\5. 全真测试-《行政职业能力测试》历年试题模拟预测名师密押试卷\新版《行政职业能力测试》模拟卷2\新版行政职业能力测验模拟卷  (2).doc","F:\BaiduNetdiskDownload\教学资料\西安高层次人才教育类\【重点必过】西安高层次人才教育类招聘职业能力测试讲义题库重点\5. 全真测试-《行政职业能力测试》历年试题模拟预测名师密押试卷\新版《行政职业能力测试》模拟卷2\新版行政职业能力测验模拟卷  (2).doc"
"99","新版行政职业能力测验模拟卷  (20).doc",".doc","0.33","西安高层次人才教育类","职测/行测","预测押题","冲刺","暂不批量转换，精选后再处理","西安高层次人才教育类\【重点必过】西安高层次人才教育类招聘职业能力测试讲义题库重点\5. 全真测试-《行政职业能力测试》历年试题模拟预测名师密押试卷\新版《行政职业能力测试》模拟卷2\新版行政职业能力测验模拟卷  (20).doc","F:\BaiduNetdiskDownload\教学资料\西安高层次人才教育类\【重点必过】西安高层次人才教育类招聘职业能力测试讲义题库重点\5. 全真测试-《行政职业能力测试》历年试题模拟预测名师密押试卷\新版《行政职业能力测试》模拟卷2\新版行政职业能力测验模拟卷  (20).doc"
"100","新版行政职业能力测验模拟卷  (21).doc",".doc","0.6","西安高层次人才教育类","职测/行测","预测押题","冲刺","暂不批量转换，精选后再处理","西安高层次人才教育类\【重点必过】西安高层次人才教育类招聘职业能力测试讲义题库重点\5. 全真测试-《行政职业能力测试》历年试题模拟预测名师密押试卷\新版《行政职业能力测试》模拟卷2\新版行政职业能力测验模拟卷  (21).doc","F:\BaiduNetdiskDownload\教学资料\西安高层次人才教育类\【重点必过】西安高层次人才教育类招聘职业能力测试讲义题库重点\5. 全真测试-《行政职业能力测试》历年试题模拟预测名师密押试卷\新版《行政职业能力测试》模拟卷2\新版行政职业能力测验模拟卷  (21).doc"
"101","新版行政职业能力测验模拟卷  (22).doc",".doc","0.66","西安高层次人才教育类","职测/行测","预测押题","冲刺","暂不批量转换，精选后再处理","西安高层次人才教育类\【重点必过】西安高层次人才教育类招聘职业能力测试讲义题库重点\5. 全真测试-《行政职业能力测试》历年试题模拟预测名师密押试卷\新版《行政职业能力测试》模拟卷2\新版行政职业能力测验模拟卷  (22).doc","F:\BaiduNetdiskDownload\教学资料\西安高层次人才教育类\【重点必过】西安高层次人才教育类招聘职业能力测试讲义题库重点\5. 全真测试-《行政职业能力测试》历年试题模拟预测名师密押试卷\新版《行政职业能力测试》模拟卷2\新版行政职业能力测验模拟卷  (22).doc"
"102","新版行政职业能力测验模拟卷  (23).doc",".doc","0.54","西安高层次人才教育类","职测/行测","预测押题","冲刺","暂不批量转换，精选后再处理","西安高层次人才教育类\【重点必过】西安高层次人才教育类招聘职业能力测试讲义题库重点\5. 全真测试-《行政职业能力测试》历年试题模拟预测名师密押试卷\新版《行政职业能力测试》模拟卷2\新版行政职业能力测验模拟卷  (23).doc","F:\BaiduNetdiskDownload\教学资料\西安高层次人才教育类\【重点必过】西安高层次人才教育类招聘职业能力测试讲义题库重点\5. 全真测试-《行政职业能力测试》历年试题模拟预测名师密押试卷\新版《行政职业能力测试》模拟卷2\新版行政职业能力测验模拟卷  (23).doc"
"103","新版行政职业能力测验模拟卷  (24).doc",".doc","0.32","西安高层次人才教育类","职测/行测","预测押题","冲刺","暂不批量转换，精选后再处理","西安高层次人才教育类\【重点必过】西安高层次人才教育类招聘职业能力测试讲义题库重点\5. 全真测试-《行政职业能力测试》历年试题模拟预测名师密押试卷\新版《行政职业能力测试》模拟卷2\新版行政职业能力测验模拟卷  (24).doc","F:\BaiduNetdiskDownload\教学资料\西安高层次人才教育类\【重点必过】西安高层次人才教育类招聘职业能力测试讲义题库重点\5. 全真测试-《行政职业能力测试》历年试题模拟预测名师密押试卷\新版《行政职业能力测试》模拟卷2\新版行政职业能力测验模拟卷  (24).doc"
"104","新版行政职业能力测验模拟卷  (25).doc",".doc","0.52","西安高层次人才教育类","职测/行测","预测押题","冲刺","暂不批量转换，精选后再处理","西安高层次人才教育类\【重点必过】西安高层次人才教育类招聘职业能力测试讲义题库重点\5. 全真测试-《行政职业能力测试》历年试题模拟预测名师密押试卷\新版《行政职业能力测试》模拟卷2\新版行政职业能力测验模拟卷  (25).doc","F:\BaiduNetdiskDownload\教学资料\西安高层次人才教育类\【重点必过】西安高层次人才教育类招聘职业能力测试讲义题库重点\5. 全真测试-《行政职业能力测试》历年试题模拟预测名师密押试卷\新版《行政职业能力测试》模拟卷2\新版行政职业能力测验模拟卷  (25).doc"
"105","新版行政职业能力测验模拟卷  (26).doc",".doc","0.32","西安高层次人才教育类","职测/行测","预测押题","冲刺","暂不批量转换，精选后再处理","西安高层次人才教育类\【重点必过】西安高层次人才教育类招聘职业能力测试讲义题库重点\5. 全真测试-《行政职业能力测试》历年试题模拟预测名师密押试卷\新版《行政职业能力测试》模拟卷2\新版行政职业能力测验模拟卷  (26).doc","F:\BaiduNetdiskDownload\教学资料\西安高层次人才教育类\【重点必过】西安高层次人才教育类招聘职业能力测试讲义题库重点\5. 全真测试-《行政职业能力测试》历年试题模拟预测名师密押试卷\新版《行政职业能力测试》模拟卷2\新版行政职业能力测验模拟卷  (26).doc"
"106","新版行政职业能力测验模拟卷  (27).doc",".doc","0.35","西安高层次人才教育类","职测/行测","预测押题","冲刺","暂不批量转换，精选后再处理","西安高层次人才教育类\【重点必过】西安高层次人才教育类招聘职业能力测试讲义题库重点\5. 全真测试-《行政职业能力测试》历年试题模拟预测名师密押试卷\新版《行政职业能力测试》模拟卷2\新版行政职业能力测验模拟卷  (27).doc","F:\BaiduNetdiskDownload\教学资料\西安高层次人才教育类\【重点必过】西安高层次人才教育类招聘职业能力测试讲义题库重点\5. 全真测试-《行政职业能力测试》历年试题模拟预测名师密押试卷\新版《行政职业能力测试》模拟卷2\新版行政职业能力测验模拟卷  (27).doc"
"107","新版行政职业能力测验模拟卷  (28).doc",".doc","0.3","西安高层次人才教育类","职测/行测","预测押题","冲刺","暂不批量转换，精选后再处理","西安高层次人才教育类\【重点必过】西安高层次人才教育类招聘职业能力测试讲义题库重点\5. 全真测试-《行政职业能力测试》历年试题模拟预测名师密押试卷\新版《行政职业能力测试》模拟卷2\新版行政职业能力测验模拟卷  (28).doc","F:\BaiduNetdiskDownload\教学资料\西安高层次人才教育类\【重点必过】西安高层次人才教育类招聘职业能力测试讲义题库重点\5. 全真测试-《行政职业能力测试》历年试题模拟预测名师密押试卷\新版《行政职业能力测试》模拟卷2\新版行政职业能力测验模拟卷  (28).doc"
"108","新版行政职业能力测验模拟卷  (29).doc",".doc","0.51","西安高层次人才教育类","职测/行测","预测押题","冲刺","暂不批量转换，精选后再处理","西安高层次人才教育类\【重点必过】西安高层次人才教育类招聘职业能力测试讲义题库重点\5. 全真测试-《行政职业能力测试》历年试题模拟预测名师密押试卷\新版《行政职业能力测试》模拟卷2\新版行政职业能力测验模拟卷  (29).doc","F:\BaiduNetdiskDownload\教学资料\西安高层次人才教育类\【重点必过】西安高层次人才教育类招聘职业能力测试讲义题库重点\5. 全真测试-《行政职业能力测试》历年试题模拟预测名师密押试卷\新版《行政职业能力测试》模拟卷2\新版行政职业能力测验模拟卷  (29).doc"
"109","新版行政职业能力测验模拟卷  (3).doc",".doc","0.69","西安高层次人才教育类","职测/行测","预测押题","冲刺","暂不批量转换，精选后再处理","西安高层次人才教育类\【重点必过】西安高层次人才教育类招聘职业能力测试讲义题库重点\5. 全真测试-《行政职业能力测试》历年试题模拟预测名师密押试卷\新版《行政职业能力测试》模拟卷2\新版行政职业能力测验模拟卷  (3).doc","F:\BaiduNetdiskDownload\教学资料\西安高层次人才教育类\【重点必过】西安高层次人才教育类招聘职业能力测试讲义题库重点\5. 全真测试-《行政职业能力测试》历年试题模拟预测名师密押试卷\新版《行政职业能力测试》模拟卷2\新版行政职业能力测验模拟卷  (3).doc"
"110","新版行政职业能力测验模拟卷  (30).doc",".doc","0.51","西安高层次人才教育类","职测/行测","预测押题","冲刺","暂不批量转换，精选后再处理","西安高层次人才教育类\【重点必过】西安高层次人才教育类招聘职业能力测试讲义题库重点\5. 全真测试-《行政职业能力测试》历年试题模拟预测名师密押试卷\新版《行政职业能力测试》模拟卷2\新版行政职业能力测验模拟卷  (30).doc","F:\BaiduNetdiskDownload\教学资料\西安高层次人才教育类\【重点必过】西安高层次人才教育类招聘职业能力测试讲义题库重点\5. 全真测试-《行政职业能力测试》历年试题模拟预测名师密押试卷\新版《行政职业能力测试》模拟卷2\新版行政职业能力测验模拟卷  (30).doc"
"111","新版行政职业能力测验模拟卷  (4).doc",".doc","0.23","西安高层次人才教育类","职测/行测","预测押题","冲刺","暂不批量转换，精选后再处理","西安高层次人才教育类\【重点必过】西安高层次人才教育类招聘职业能力测试讲义题库重点\5. 全真测试-《行政职业能力测试》历年试题模拟预测名师密押试卷\新版《行政职业能力测试》模拟卷2\新版行政职业能力测验模拟卷  (4).doc","F:\BaiduNetdiskDownload\教学资料\西安高层次人才教育类\【重点必过】西安高层次人才教育类招聘职业能力测试讲义题库重点\5. 全真测试-《行政职业能力测试》历年试题模拟预测名师密押试卷\新版《行政职业能力测试》模拟卷2\新版行政职业能力测验模拟卷  (4).doc"
"112","新版行政职业能力测验模拟卷  (5).doc",".doc","0.5","西安高层次人才教育类","职测/行测","预测押题","冲刺","暂不批量转换，精选后再处理","西安高层次人才教育类\【重点必过】西安高层次人才教育类招聘职业能力测试讲义题库重点\5. 全真测试-《行政职业能力测试》历年试题模拟预测名师密押试卷\新版《行政职业能力测试》模拟卷2\新版行政职业能力测验模拟卷  (5).doc","F:\BaiduNetdiskDownload\教学资料\西安高层次人才教育类\【重点必过】西安高层次人才教育类招聘职业能力测试讲义题库重点\5. 全真测试-《行政职业能力测试》历年试题模拟预测名师密押试卷\新版《行政职业能力测试》模拟卷2\新版行政职业能力测验模拟卷  (5).doc"
"113","新版行政职业能力测验模拟卷  (6).doc",".doc","0.5","西安高层次人才教育类","职测/行测","预测押题","冲刺","暂不批量转换，精选后再处理","西安高层次人才教育类\【重点必过】西安高层次人才教育类招聘职业能力测试讲义题库重点\5. 全真测试-《行政职业能力测试》历年试题模拟预测名师密押试卷\新版《行政职业能力测试》模拟卷2\新版行政职业能力测验模拟卷  (6).doc","F:\BaiduNetdiskDownload\教学资料\西安高层次人才教育类\【重点必过】西安高层次人才教育类招聘职业能力测试讲义题库重点\5. 全真测试-《行政职业能力测试》历年试题模拟预测名师密押试卷\新版《行政职业能力测试》模拟卷2\新版行政职业能力测验模拟卷  (6).doc"
"114","新版行政职业能力测验模拟卷  (7).doc",".doc","1.43","西安高层次人才教育类","职测/行测","预测押题","冲刺","暂不批量转换，精选后再处理","西安高层次人才教育类\【重点必过】西安高层次人才教育类招聘职业能力测试讲义题库重点\5. 全真测试-《行政职业能力测试》历年试题模拟预测名师密押试卷\新版《行政职业能力测试》模拟卷2\新版行政职业能力测验模拟卷  (7).doc","F:\BaiduNetdiskDownload\教学资料\西安高层次人才教育类\【重点必过】西安高层次人才教育类招聘职业能力测试讲义题库重点\5. 全真测试-《行政职业能力测试》历年试题模拟预测名师密押试卷\新版《行政职业能力测试》模拟卷2\新版行政职业能力测验模拟卷  (7).doc"
"115","新版行政职业能力测验模拟卷  (8).doc",".doc","0.69","西安高层次人才教育类","职测/行测","预测押题","冲刺","暂不批量转换，精选后再处理","西安高层次人才教育类\【重点必过】西安高层次人才教育类招聘职业能力测试讲义题库重点\5. 全真测试-《行政职业能力测试》历年试题模拟预测名师密押试卷\新版《行政职业能力测试》模拟卷2\新版行政职业能力测验模拟卷  (8).doc","F:\BaiduNetdiskDownload\教学资料\西安高层次人才教育类\【重点必过】西安高层次人才教育类招聘职业能力测试讲义题库重点\5. 全真测试-《行政职业能力测试》历年试题模拟预测名师密押试卷\新版《行政职业能力测试》模拟卷2\新版行政职业能力测验模拟卷  (8).doc"
"116","新版行政职业能力测验模拟卷  (9).doc",".doc","0.42","西安高层次人才教育类","职测/行测","预测押题","冲刺","暂不批量转换，精选后再处理","西安高层次人才教育类\【重点必过】西安高层次人才教育类招聘职业能力测试讲义题库重点\5. 全真测试-《行政职业能力测试》历年试题模拟预测名师密押试卷\新版《行政职业能力测试》模拟卷2\新版行政职业能力测验模拟卷  (9).doc","F:\BaiduNetdiskDownload\教学资料\西安高层次人才教育类\【重点必过】西安高层次人才教育类招聘职业能力测试讲义题库重点\5. 全真测试-《行政职业能力测试》历年试题模拟预测名师密押试卷\新版《行政职业能力测试》模拟卷2\新版行政职业能力测验模拟卷  (9).doc"
"117","行政职业能力测验模拟预测试卷（八）.doc",".doc","0.32","西安高层次人才教育类","职测/行测","预测押题","冲刺","暂不批量转换，精选后再处理","西安高层次人才教育类\【重点必过】西安高层次人才教育类招聘职业能力测试讲义题库重点\5. 全真测试-《行政职业能力测试》历年试题模拟预测名师密押试卷\新版《行测》模拟卷1\行政职业能力测验模拟预测试卷（八）.doc","F:\BaiduNetdiskDownload\教学资料\西安高层次人才教育类\【重点必过】西安高层次人才教育类招聘职业能力测试讲义题库重点\5. 全真测试-《行政职业能力测试》历年试题模拟预测名师密押试卷\新版《行测》模拟卷1\行政职业能力测验模拟预测试卷（八）.doc"
"118","行政职业能力测验模拟预测试卷（二）.doc",".doc","0.31","西安高层次人才教育类","职测/行测","预测押题","冲刺","暂不批量转换，精选后再处理","西安高层次人才教育类\【重点必过】西安高层次人才教育类招聘职业能力测试讲义题库重点\5. 全真测试-《行政职业能力测试》历年试题模拟预测名师密押试卷\新版《行测》模拟卷1\行政职业能力测验模拟预测试卷（二）.doc","F:\BaiduNetdiskDownload\教学资料\西安高层次人才教育类\【重点必过】西安高层次人才教育类招聘职业能力测试讲义题库重点\5. 全真测试-《行政职业能力测试》历年试题模拟预测名师密押试卷\新版《行测》模拟卷1\行政职业能力测验模拟预测试卷（二）.doc"
"119","行政职业能力测验模拟预测试卷（二十）.doc",".doc","0.15","西安高层次人才教育类","职测/行测","预测押题","冲刺","暂不批量转换，精选后再处理","西安高层次人才教育类\【重点必过】西安高层次人才教育类招聘职业能力测试讲义题库重点\5. 全真测试-《行政职业能力测试》历年试题模拟预测名师密押试卷\新版《行测》模拟卷1\行政职业能力测验模拟预测试卷（二十）.doc","F:\BaiduNetdiskDownload\教学资料\西安高层次人才教育类\【重点必过】西安高层次人才教育类招聘职业能力测试讲义题库重点\5. 全真测试-《行政职业能力测试》历年试题模拟预测名师密押试卷\新版《行测》模拟卷1\行政职业能力测验模拟预测试卷（二十）.doc"
"120","行政职业能力测验模拟预测试卷（二十八）.doc",".doc","0.72","西安高层次人才教育类","职测/行测","预测押题","冲刺","暂不批量转换，精选后再处理","西安高层次人才教育类\【重点必过】西安高层次人才教育类招聘职业能力测试讲义题库重点\5. 全真测试-《行政职业能力测试》历年试题模拟预测名师密押试卷\新版《行测》模拟卷1\行政职业能力测验模拟预测试卷（二十八）.doc","F:\BaiduNetdiskDownload\教学资料\西安高层次人才教育类\【重点必过】西安高层次人才教育类招聘职业能力测试讲义题库重点\5. 全真测试-《行政职业能力测试》历年试题模拟预测名师密押试卷\新版《行测》模拟卷1\行政职业能力测验模拟预测试卷（二十八）.doc"
"121","行政职业能力测验模拟预测试卷（二十二）.doc",".doc","0.15","西安高层次人才教育类","职测/行测","预测押题","冲刺","暂不批量转换，精选后再处理","西安高层次人才教育类\【重点必过】西安高层次人才教育类招聘职业能力测试讲义题库重点\5. 全真测试-《行政职业能力测试》历年试题模拟预测名师密押试卷\新版《行测》模拟卷1\行政职业能力测验模拟预测试卷（二十二）.doc","F:\BaiduNetdiskDownload\教学资料\西安高层次人才教育类\【重点必过】西安高层次人才教育类招聘职业能力测试讲义题库重点\5. 全真测试-《行政职业能力测试》历年试题模拟预测名师密押试卷\新版《行测》模拟卷1\行政职业能力测验模拟预测试卷（二十二）.doc"
"122","行政职业能力测验模拟预测试卷（二十九）.doc",".doc","0.49","西安高层次人才教育类","职测/行测","预测押题","冲刺","暂不批量转换，精选后再处理","西安高层次人才教育类\【重点必过】西安高层次人才教育类招聘职业能力测试讲义题库重点\5. 全真测试-《行政职业能力测试》历年试题模拟预测名师密押试卷\新版《行测》模拟卷1\行政职业能力测验模拟预测试卷（二十九）.doc","F:\BaiduNetdiskDownload\教学资料\西安高层次人才教育类\【重点必过】西安高层次人才教育类招聘职业能力测试讲义题库重点\5. 全真测试-《行政职业能力测试》历年试题模拟预测名师密押试卷\新版《行测》模拟卷1\行政职业能力测验模拟预测试卷（二十九）.doc"
"123","行政职业能力测验模拟预测试卷（二十六）.doc",".doc","0.54","西安高层次人才教育类","职测/行测","预测押题","冲刺","暂不批量转换，精选后再处理","西安高层次人才教育类\【重点必过】西安高层次人才教育类招聘职业能力测试讲义题库重点\5. 全真测试-《行政职业能力测试》历年试题模拟预测名师密押试卷\新版《行测》模拟卷1\行政职业能力测验模拟预测试卷（二十六）.doc","F:\BaiduNetdiskDownload\教学资料\西安高层次人才教育类\【重点必过】西安高层次人才教育类招聘职业能力测试讲义题库重点\5. 全真测试-《行政职业能力测试》历年试题模拟预测名师密押试卷\新版《行测》模拟卷1\行政职业能力测验模拟预测试卷（二十六）.doc"
"124","行政职业能力测验模拟预测试卷（二十七）.doc",".doc","0.39","西安高层次人才教育类","职测/行测","预测押题","冲刺","暂不批量转换，精选后再处理","西安高层次人才教育类\【重点必过】西安高层次人才教育类招聘职业能力测试讲义题库重点\5. 全真测试-《行政职业能力测试》历年试题模拟预测名师密押试卷\新版《行测》模拟卷1\行政职业能力测验模拟预测试卷（二十七）.doc","F:\BaiduNetdiskDownload\教学资料\西安高层次人才教育类\【重点必过】西安高层次人才教育类招聘职业能力测试讲义题库重点\5. 全真测试-《行政职业能力测试》历年试题模拟预测名师密押试卷\新版《行测》模拟卷1\行政职业能力测验模拟预测试卷（二十七）.doc"
"125","行政职业能力测验模拟预测试卷（二十三）.doc",".doc","0.27","西安高层次人才教育类","职测/行测","预测押题","冲刺","暂不批量转换，精选后再处理","西安高层次人才教育类\【重点必过】西安高层次人才教育类招聘职业能力测试讲义题库重点\5. 全真测试-《行政职业能力测试》历年试题模拟预测名师密押试卷\新版《行测》模拟卷1\行政职业能力测验模拟预测试卷（二十三）.doc","F:\BaiduNetdiskDownload\教学资料\西安高层次人才教育类\【重点必过】西安高层次人才教育类招聘职业能力测试讲义题库重点\5. 全真测试-《行政职业能力测试》历年试题模拟预测名师密押试卷\新版《行测》模拟卷1\行政职业能力测验模拟预测试卷（二十三）.doc"
"126","行政职业能力测验模拟预测试卷（二十四）.doc",".doc","0.39","西安高层次人才教育类","职测/行测","预测押题","冲刺","暂不批量转换，精选后再处理","西安高层次人才教育类\【重点必过】西安高层次人才教育类招聘职业能力测试讲义题库重点\5. 全真测试-《行政职业能力测试》历年试题模拟预测名师密押试卷\新版《行测》模拟卷1\行政职业能力测验模拟预测试卷（二十四）.doc","F:\BaiduNetdiskDownload\教学资料\西安高层次人才教育类\【重点必过】西安高层次人才教育类招聘职业能力测试讲义题库重点\5. 全真测试-《行政职业能力测试》历年试题模拟预测名师密押试卷\新版《行测》模拟卷1\行政职业能力测验模拟预测试卷（二十四）.doc"
"127","行政职业能力测验模拟预测试卷（二十五）.doc",".doc","0.67","西安高层次人才教育类","职测/行测","预测押题","冲刺","暂不批量转换，精选后再处理","西安高层次人才教育类\【重点必过】西安高层次人才教育类招聘职业能力测试讲义题库重点\5. 全真测试-《行政职业能力测试》历年试题模拟预测名师密押试卷\新版《行测》模拟卷1\行政职业能力测验模拟预测试卷（二十五）.doc","F:\BaiduNetdiskDownload\教学资料\西安高层次人才教育类\【重点必过】西安高层次人才教育类招聘职业能力测试讲义题库重点\5. 全真测试-《行政职业能力测试》历年试题模拟预测名师密押试卷\新版《行测》模拟卷1\行政职业能力测验模拟预测试卷（二十五）.doc"
"128","行政职业能力测验模拟预测试卷（二十一）.doc",".doc","0.45","西安高层次人才教育类","职测/行测","预测押题","冲刺","暂不批量转换，精选后再处理","西安高层次人才教育类\【重点必过】西安高层次人才教育类招聘职业能力测试讲义题库重点\5. 全真测试-《行政职业能力测试》历年试题模拟预测名师密押试卷\新版《行测》模拟卷1\行政职业能力测验模拟预测试卷（二十一）.doc","F:\BaiduNetdiskDownload\教学资料\西安高层次人才教育类\【重点必过】西安高层次人才教育类招聘职业能力测试讲义题库重点\5. 全真测试-《行政职业能力测试》历年试题模拟预测名师密押试卷\新版《行测》模拟卷1\行政职业能力测验模拟预测试卷（二十一）.doc"
"129","行政职业能力测验模拟预测试卷（九）.doc",".doc","0.38","西安高层次人才教育类","职测/行测","预测押题","冲刺","暂不批量转换，精选后再处理","西安高层次人才教育类\【重点必过】西安高层次人才教育类招聘职业能力测试讲义题库重点\5. 全真测试-《行政职业能力测试》历年试题模拟预测名师密押试卷\新版《行测》模拟卷1\行政职业能力测验模拟预测试卷（九）.doc","F:\BaiduNetdiskDownload\教学资料\西安高层次人才教育类\【重点必过】西安高层次人才教育类招聘职业能力测试讲义题库重点\5. 全真测试-《行政职业能力测试》历年试题模拟预测名师密押试卷\新版《行测》模拟卷1\行政职业能力测验模拟预测试卷（九）.doc"
"130","行政职业能力测验模拟预测试卷（六）.doc",".doc","0.3","西安高层次人才教育类","职测/行测","预测押题","冲刺","暂不批量转换，精选后再处理","西安高层次人才教育类\【重点必过】西安高层次人才教育类招聘职业能力测试讲义题库重点\5. 全真测试-《行政职业能力测试》历年试题模拟预测名师密押试卷\新版《行测》模拟卷1\行政职业能力测验模拟预测试卷（六）.doc","F:\BaiduNetdiskDownload\教学资料\西安高层次人才教育类\【重点必过】西安高层次人才教育类招聘职业能力测试讲义题库重点\5. 全真测试-《行政职业能力测试》历年试题模拟预测名师密押试卷\新版《行测》模拟卷1\行政职业能力测验模拟预测试卷（六）.doc"
"131","行政职业能力测验模拟预测试卷（七）.doc",".doc","0.31","西安高层次人才教育类","职测/行测","预测押题","冲刺","暂不批量转换，精选后再处理","西安高层次人才教育类\【重点必过】西安高层次人才教育类招聘职业能力测试讲义题库重点\5. 全真测试-《行政职业能力测试》历年试题模拟预测名师密押试卷\新版《行测》模拟卷1\行政职业能力测验模拟预测试卷（七）.doc","F:\BaiduNetdiskDownload\教学资料\西安高层次人才教育类\【重点必过】西安高层次人才教育类招聘职业能力测试讲义题库重点\5. 全真测试-《行政职业能力测试》历年试题模拟预测名师密押试卷\新版《行测》模拟卷1\行政职业能力测验模拟预测试卷（七）.doc"
"132","行政职业能力测验模拟预测试卷（三）.doc",".doc","0.41","西安高层次人才教育类","职测/行测","预测押题","冲刺","暂不批量转换，精选后再处理","西安高层次人才教育类\【重点必过】西安高层次人才教育类招聘职业能力测试讲义题库重点\5. 全真测试-《行政职业能力测试》历年试题模拟预测名师密押试卷\新版《行测》模拟卷1\行政职业能力测验模拟预测试卷（三）.doc","F:\BaiduNetdiskDownload\教学资料\西安高层次人才教育类\【重点必过】西安高层次人才教育类招聘职业能力测试讲义题库重点\5. 全真测试-《行政职业能力测试》历年试题模拟预测名师密押试卷\新版《行测》模拟卷1\行政职业能力测验模拟预测试卷（三）.doc"
"133","行政职业能力测验模拟预测试卷（三十）.doc",".doc","0.46","西安高层次人才教育类","职测/行测","预测押题","冲刺","暂不批量转换，精选后再处理","西安高层次人才教育类\【重点必过】西安高层次人才教育类招聘职业能力测试讲义题库重点\5. 全真测试-《行政职业能力测试》历年试题模拟预测名师密押试卷\新版《行测》模拟卷1\行政职业能力测验模拟预测试卷（三十）.doc","F:\BaiduNetdiskDownload\教学资料\西安高层次人才教育类\【重点必过】西安高层次人才教育类招聘职业能力测试讲义题库重点\5. 全真测试-《行政职业能力测试》历年试题模拟预测名师密押试卷\新版《行测》模拟卷1\行政职业能力测验模拟预测试卷（三十）.doc"
"134","行政职业能力测验模拟预测试卷（三十八）.doc",".doc","0.59","西安高层次人才教育类","职测/行测","预测押题","冲刺","暂不批量转换，精选后再处理","西安高层次人才教育类\【重点必过】西安高层次人才教育类招聘职业能力测试讲义题库重点\5. 全真测试-《行政职业能力测试》历年试题模拟预测名师密押试卷\新版《行测》模拟卷1\行政职业能力测验模拟预测试卷（三十八）.doc","F:\BaiduNetdiskDownload\教学资料\西安高层次人才教育类\【重点必过】西安高层次人才教育类招聘职业能力测试讲义题库重点\5. 全真测试-《行政职业能力测试》历年试题模拟预测名师密押试卷\新版《行测》模拟卷1\行政职业能力测验模拟预测试卷（三十八）.doc"
"135","行政职业能力测验模拟预测试卷（三十二）.doc",".doc","0.5","西安高层次人才教育类","职测/行测","预测押题","冲刺","暂不批量转换，精选后再处理","西安高层次人才教育类\【重点必过】西安高层次人才教育类招聘职业能力测试讲义题库重点\5. 全真测试-《行政职业能力测试》历年试题模拟预测名师密押试卷\新版《行测》模拟卷1\行政职业能力测验模拟预测试卷（三十二）.doc","F:\BaiduNetdiskDownload\教学资料\西安高层次人才教育类\【重点必过】西安高层次人才教育类招聘职业能力测试讲义题库重点\5. 全真测试-《行政职业能力测试》历年试题模拟预测名师密押试卷\新版《行测》模拟卷1\行政职业能力测验模拟预测试卷（三十二）.doc"
"136","行政职业能力测验模拟预测试卷（三十九）.doc",".doc","0.15","西安高层次人才教育类","职测/行测","预测押题","冲刺","暂不批量转换，精选后再处理","西安高层次人才教育类\【重点必过】西安高层次人才教育类招聘职业能力测试讲义题库重点\5. 全真测试-《行政职业能力测试》历年试题模拟预测名师密押试卷\新版《行测》模拟卷1\行政职业能力测验模拟预测试卷（三十九）.doc","F:\BaiduNetdiskDownload\教学资料\西安高层次人才教育类\【重点必过】西安高层次人才教育类招聘职业能力测试讲义题库重点\5. 全真测试-《行政职业能力测试》历年试题模拟预测名师密押试卷\新版《行测》模拟卷1\行政职业能力测验模拟预测试卷（三十九）.doc"
"137","行政职业能力测验模拟预测试卷（三十六）.doc",".doc","0.2","西安高层次人才教育类","职测/行测","预测押题","冲刺","暂不批量转换，精选后再处理","西安高层次人才教育类\【重点必过】西安高层次人才教育类招聘职业能力测试讲义题库重点\5. 全真测试-《行政职业能力测试》历年试题模拟预测名师密押试卷\新版《行测》模拟卷1\行政职业能力测验模拟预测试卷（三十六）.doc","F:\BaiduNetdiskDownload\教学资料\西安高层次人才教育类\【重点必过】西安高层次人才教育类招聘职业能力测试讲义题库重点\5. 全真测试-《行政职业能力测试》历年试题模拟预测名师密押试卷\新版《行测》模拟卷1\行政职业能力测验模拟预测试卷（三十六）.doc"
"138","行政职业能力测验模拟预测试卷（三十七）.doc",".doc","0.27","西安高层次人才教育类","职测/行测","预测押题","冲刺","暂不批量转换，精选后再处理","西安高层次人才教育类\【重点必过】西安高层次人才教育类招聘职业能力测试讲义题库重点\5. 全真测试-《行政职业能力测试》历年试题模拟预测名师密押试卷\新版《行测》模拟卷1\行政职业能力测验模拟预测试卷（三十七）.doc","F:\BaiduNetdiskDownload\教学资料\西安高层次人才教育类\【重点必过】西安高层次人才教育类招聘职业能力测试讲义题库重点\5. 全真测试-《行政职业能力测试》历年试题模拟预测名师密押试卷\新版《行测》模拟卷1\行政职业能力测验模拟预测试卷（三十七）.doc"
"139","行政职业能力测验模拟预测试卷（三十三）.doc",".doc","0.41","西安高层次人才教育类","职测/行测","预测押题","冲刺","暂不批量转换，精选后再处理","西安高层次人才教育类\【重点必过】西安高层次人才教育类招聘职业能力测试讲义题库重点\5. 全真测试-《行政职业能力测试》历年试题模拟预测名师密押试卷\新版《行测》模拟卷1\行政职业能力测验模拟预测试卷（三十三）.doc","F:\BaiduNetdiskDownload\教学资料\西安高层次人才教育类\【重点必过】西安高层次人才教育类招聘职业能力测试讲义题库重点\5. 全真测试-《行政职业能力测试》历年试题模拟预测名师密押试卷\新版《行测》模拟卷1\行政职业能力测验模拟预测试卷（三十三）.doc"
"140","行政职业能力测验模拟预测试卷（三十四）.doc",".doc","0.5","西安高层次人才教育类","职测/行测","预测押题","冲刺","暂不批量转换，精选后再处理","西安高层次人才教育类\【重点必过】西安高层次人才教育类招聘职业能力测试讲义题库重点\5. 全真测试-《行政职业能力测试》历年试题模拟预测名师密押试卷\新版《行测》模拟卷1\行政职业能力测验模拟预测试卷（三十四）.doc","F:\BaiduNetdiskDownload\教学资料\西安高层次人才教育类\【重点必过】西安高层次人才教育类招聘职业能力测试讲义题库重点\5. 全真测试-《行政职业能力测试》历年试题模拟预测名师密押试卷\新版《行测》模拟卷1\行政职业能力测验模拟预测试卷（三十四）.doc"
"141","行政职业能力测验模拟预测试卷（三十五）.doc",".doc","0.4","西安高层次人才教育类","职测/行测","预测押题","冲刺","暂不批量转换，精选后再处理","西安高层次人才教育类\【重点必过】西安高层次人才教育类招聘职业能力测试讲义题库重点\5. 全真测试-《行政职业能力测试》历年试题模拟预测名师密押试卷\新版《行测》模拟卷1\行政职业能力测验模拟预测试卷（三十五）.doc","F:\BaiduNetdiskDownload\教学资料\西安高层次人才教育类\【重点必过】西安高层次人才教育类招聘职业能力测试讲义题库重点\5. 全真测试-《行政职业能力测试》历年试题模拟预测名师密押试卷\新版《行测》模拟卷1\行政职业能力测验模拟预测试卷（三十五）.doc"
"142","行政职业能力测验模拟预测试卷（三十一）.doc",".doc","0.5","西安高层次人才教育类","职测/行测","预测押题","冲刺","暂不批量转换，精选后再处理","西安高层次人才教育类\【重点必过】西安高层次人才教育类招聘职业能力测试讲义题库重点\5. 全真测试-《行政职业能力测试》历年试题模拟预测名师密押试卷\新版《行测》模拟卷1\行政职业能力测验模拟预测试卷（三十一）.doc","F:\BaiduNetdiskDownload\教学资料\西安高层次人才教育类\【重点必过】西安高层次人才教育类招聘职业能力测试讲义题库重点\5. 全真测试-《行政职业能力测试》历年试题模拟预测名师密押试卷\新版《行测》模拟卷1\行政职业能力测验模拟预测试卷（三十一）.doc"
"143","行政职业能力测验模拟预测试卷（十）.doc",".doc","0.37","西安高层次人才教育类","职测/行测","预测押题","冲刺","暂不批量转换，精选后再处理","西安高层次人才教育类\【重点必过】西安高层次人才教育类招聘职业能力测试讲义题库重点\5. 全真测试-《行政职业能力测试》历年试题模拟预测名师密押试卷\新版《行测》模拟卷1\行政职业能力测验模拟预测试卷（十）.doc","F:\BaiduNetdiskDownload\教学资料\西安高层次人才教育类\【重点必过】西安高层次人才教育类招聘职业能力测试讲义题库重点\5. 全真测试-《行政职业能力测试》历年试题模拟预测名师密押试卷\新版《行测》模拟卷1\行政职业能力测验模拟预测试卷（十）.doc"
"144","行政职业能力测验模拟预测试卷（十八）.doc",".doc","0.16","西安高层次人才教育类","职测/行测","预测押题","冲刺","暂不批量转换，精选后再处理","西安高层次人才教育类\【重点必过】西安高层次人才教育类招聘职业能力测试讲义题库重点\5. 全真测试-《行政职业能力测试》历年试题模拟预测名师密押试卷\新版《行测》模拟卷1\行政职业能力测验模拟预测试卷（十八）.doc","F:\BaiduNetdiskDownload\教学资料\西安高层次人才教育类\【重点必过】西安高层次人才教育类招聘职业能力测试讲义题库重点\5. 全真测试-《行政职业能力测试》历年试题模拟预测名师密押试卷\新版《行测》模拟卷1\行政职业能力测验模拟预测试卷（十八）.doc"
"145","行政职业能力测验模拟预测试卷（十二）.doc",".doc","0.38","西安高层次人才教育类","职测/行测","预测押题","冲刺","暂不批量转换，精选后再处理","西安高层次人才教育类\【重点必过】西安高层次人才教育类招聘职业能力测试讲义题库重点\5. 全真测试-《行政职业能力测试》历年试题模拟预测名师密押试卷\新版《行测》模拟卷1\行政职业能力测验模拟预测试卷（十二）.doc","F:\BaiduNetdiskDownload\教学资料\西安高层次人才教育类\【重点必过】西安高层次人才教育类招聘职业能力测试讲义题库重点\5. 全真测试-《行政职业能力测试》历年试题模拟预测名师密押试卷\新版《行测》模拟卷1\行政职业能力测验模拟预测试卷（十二）.doc"
"146","行政职业能力测验模拟预测试卷（十九）.doc",".doc","0.17","西安高层次人才教育类","职测/行测","预测押题","冲刺","暂不批量转换，精选后再处理","西安高层次人才教育类\【重点必过】西安高层次人才教育类招聘职业能力测试讲义题库重点\5. 全真测试-《行政职业能力测试》历年试题模拟预测名师密押试卷\新版《行测》模拟卷1\行政职业能力测验模拟预测试卷（十九）.doc","F:\BaiduNetdiskDownload\教学资料\西安高层次人才教育类\【重点必过】西安高层次人才教育类招聘职业能力测试讲义题库重点\5. 全真测试-《行政职业能力测试》历年试题模拟预测名师密押试卷\新版《行测》模拟卷1\行政职业能力测验模拟预测试卷（十九）.doc"
"147","行政职业能力测验模拟预测试卷（十六）.doc",".doc","0.16","西安高层次人才教育类","职测/行测","预测押题","冲刺","暂不批量转换，精选后再处理","西安高层次人才教育类\【重点必过】西安高层次人才教育类招聘职业能力测试讲义题库重点\5. 全真测试-《行政职业能力测试》历年试题模拟预测名师密押试卷\新版《行测》模拟卷1\行政职业能力测验模拟预测试卷（十六）.doc","F:\BaiduNetdiskDownload\教学资料\西安高层次人才教育类\【重点必过】西安高层次人才教育类招聘职业能力测试讲义题库重点\5. 全真测试-《行政职业能力测试》历年试题模拟预测名师密押试卷\新版《行测》模拟卷1\行政职业能力测验模拟预测试卷（十六）.doc"
"148","行政职业能力测验模拟预测试卷（十七）.doc",".doc","0.2","西安高层次人才教育类","职测/行测","预测押题","冲刺","暂不批量转换，精选后再处理","西安高层次人才教育类\【重点必过】西安高层次人才教育类招聘职业能力测试讲义题库重点\5. 全真测试-《行政职业能力测试》历年试题模拟预测名师密押试卷\新版《行测》模拟卷1\行政职业能力测验模拟预测试卷（十七）.doc","F:\BaiduNetdiskDownload\教学资料\西安高层次人才教育类\【重点必过】西安高层次人才教育类招聘职业能力测试讲义题库重点\5. 全真测试-《行政职业能力测试》历年试题模拟预测名师密押试卷\新版《行测》模拟卷1\行政职业能力测验模拟预测试卷（十七）.doc"
"149","行政职业能力测验模拟预测试卷（十三）.doc",".doc","0.29","西安高层次人才教育类","职测/行测","预测押题","冲刺","暂不批量转换，精选后再处理","西安高层次人才教育类\【重点必过】西安高层次人才教育类招聘职业能力测试讲义题库重点\5. 全真测试-《行政职业能力测试》历年试题模拟预测名师密押试卷\新版《行测》模拟卷1\行政职业能力测验模拟预测试卷（十三）.doc","F:\BaiduNetdiskDownload\教学资料\西安高层次人才教育类\【重点必过】西安高层次人才教育类招聘职业能力测试讲义题库重点\5. 全真测试-《行政职业能力测试》历年试题模拟预测名师密押试卷\新版《行测》模拟卷1\行政职业能力测验模拟预测试卷（十三）.doc"
"150","行政职业能力测验模拟预测试卷（十四）.doc",".doc","0.35","西安高层次人才教育类","职测/行测","预测押题","冲刺","暂不批量转换，精选后再处理","西安高层次人才教育类\【重点必过】西安高层次人才教育类招聘职业能力测试讲义题库重点\5. 全真测试-《行政职业能力测试》历年试题模拟预测名师密押试卷\新版《行测》模拟卷1\行政职业能力测验模拟预测试卷（十四）.doc","F:\BaiduNetdiskDownload\教学资料\西安高层次人才教育类\【重点必过】西安高层次人才教育类招聘职业能力测试讲义题库重点\5. 全真测试-《行政职业能力测试》历年试题模拟预测名师密押试卷\新版《行测》模拟卷1\行政职业能力测验模拟预测试卷（十四）.doc"
"151","行政职业能力测验模拟预测试卷（十五）.doc",".doc","0.25","西安高层次人才教育类","职测/行测","预测押题","冲刺","暂不批量转换，精选后再处理","西安高层次人才教育类\【重点必过】西安高层次人才教育类招聘职业能力测试讲义题库重点\5. 全真测试-《行政职业能力测试》历年试题模拟预测名师密押试卷\新版《行测》模拟卷1\行政职业能力测验模拟预测试卷（十五）.doc","F:\BaiduNetdiskDownload\教学资料\西安高层次人才教育类\【重点必过】西安高层次人才教育类招聘职业能力测试讲义题库重点\5. 全真测试-《行政职业能力测试》历年试题模拟预测名师密押试卷\新版《行测》模拟卷1\行政职业能力测验模拟预测试卷（十五）.doc"
"152","行政职业能力测验模拟预测试卷（十一）.doc",".doc","0.41","西安高层次人才教育类","职测/行测","预测押题","冲刺","暂不批量转换，精选后再处理","西安高层次人才教育类\【重点必过】西安高层次人才教育类招聘职业能力测试讲义题库重点\5. 全真测试-《行政职业能力测试》历年试题模拟预测名师密押试卷\新版《行测》模拟卷1\行政职业能力测验模拟预测试卷（十一）.doc","F:\BaiduNetdiskDownload\教学资料\西安高层次人才教育类\【重点必过】西安高层次人才教育类招聘职业能力测试讲义题库重点\5. 全真测试-《行政职业能力测试》历年试题模拟预测名师密押试卷\新版《行测》模拟卷1\行政职业能力测验模拟预测试卷（十一）.doc"
"153","行政职业能力测验模拟预测试卷（四）.doc",".doc","0.49","西安高层次人才教育类","职测/行测","预测押题","冲刺","暂不批量转换，精选后再处理","西安高层次人才教育类\【重点必过】西安高层次人才教育类招聘职业能力测试讲义题库重点\5. 全真测试-《行政职业能力测试》历年试题模拟预测名师密押试卷\新版《行测》模拟卷1\行政职业能力测验模拟预测试卷（四）.doc","F:\BaiduNetdiskDownload\教学资料\西安高层次人才教育类\【重点必过】西安高层次人才教育类招聘职业能力测试讲义题库重点\5. 全真测试-《行政职业能力测试》历年试题模拟预测名师密押试卷\新版《行测》模拟卷1\行政职业能力测验模拟预测试卷（四）.doc"
"154","行政职业能力测验模拟预测试卷（四十）.doc",".doc","0.76","西安高层次人才教育类","职测/行测","预测押题","冲刺","暂不批量转换，精选后再处理","西安高层次人才教育类\【重点必过】西安高层次人才教育类招聘职业能力测试讲义题库重点\5. 全真测试-《行政职业能力测试》历年试题模拟预测名师密押试卷\新版《行测》模拟卷1\行政职业能力测验模拟预测试卷（四十）.doc","F:\BaiduNetdiskDownload\教学资料\西安高层次人才教育类\【重点必过】西安高层次人才教育类招聘职业能力测试讲义题库重点\5. 全真测试-《行政职业能力测试》历年试题模拟预测名师密押试卷\新版《行测》模拟卷1\行政职业能力测验模拟预测试卷（四十）.doc"
"155","行政职业能力测验模拟预测试卷（五）.doc",".doc","0.07","西安高层次人才教育类","职测/行测","预测押题","冲刺","暂不批量转换，精选后再处理","西安高层次人才教育类\【重点必过】西安高层次人才教育类招聘职业能力测试讲义题库重点\5. 全真测试-《行政职业能力测试》历年试题模拟预测名师密押试卷\新版《行测》模拟卷1\行政职业能力测验模拟预测试卷（五）.doc","F:\BaiduNetdiskDownload\教学资料\西安高层次人才教育类\【重点必过】西安高层次人才教育类招聘职业能力测试讲义题库重点\5. 全真测试-《行政职业能力测试》历年试题模拟预测名师密押试卷\新版《行测》模拟卷1\行政职业能力测验模拟预测试卷（五）.doc"
"156","行政职业能力测验模拟预测试卷（一）.doc",".doc","0.23","西安高层次人才教育类","职测/行测","预测押题","冲刺","暂不批量转换，精选后再处理","西安高层次人才教育类\【重点必过】西安高层次人才教育类招聘职业能力测试讲义题库重点\5. 全真测试-《行政职业能力测试》历年试题模拟预测名师密押试卷\新版《行测》模拟卷1\行政职业能力测验模拟预测试卷（一）.doc","F:\BaiduNetdiskDownload\教学资料\西安高层次人才教育类\【重点必过】西安高层次人才教育类招聘职业能力测试讲义题库重点\5. 全真测试-《行政职业能力测试》历年试题模拟预测名师密押试卷\新版《行测》模拟卷1\行政职业能力测验模拟预测试卷（一）.doc"
"157","6600教育心理学部分  答案.pdf",".pdf","1.09","教基教综","教育心理学","答案解析","答案","保留原格式","教基教综\【02】教综6000题\6600答案\6600教育心理学部分  答案.pdf","F:\BaiduNetdiskDownload\教学资料\教基教综\【02】教综6000题\6600答案\6600教育心理学部分  答案.pdf"
"158","6600教育学部分 答案.pdf",".pdf","1.66","教基教综","教育学","答案解析","答案","保留原格式","教基教综\【02】教综6000题\6600答案\6600教育学部分 答案.pdf","F:\BaiduNetdiskDownload\教学资料\教基教综\【02】教综6000题\6600答案\6600教育学部分 答案.pdf"
"159","6600小四门部分 答案.pdf",".pdf","0.71","教基教综","教育综合","答案解析","答案","保留原格式","教基教综\【02】教综6000题\6600答案\6600小四门部分 答案.pdf","F:\BaiduNetdiskDownload\教学资料\教基教综\【02】教综6000题\6600答案\6600小四门部分 答案.pdf"
"160","6600心理学部分  答案.pdf",".pdf","1.07","教基教综","心理学","答案解析","答案","保留原格式","教基教综\【02】教综6000题\6600答案\6600心理学部分  答案.pdf","F:\BaiduNetdiskDownload\教学资料\教基教综\【02】教综6000题\6600答案\6600心理学部分  答案.pdf"
"161","【11】全新教师招聘考试教育综合知识（教师职业道德）题库及答案_【金榜题名教育培训】.doc",".doc","0.22","西安高层次人才教育类","教师职业道德","答案解析","答案","暂不批量转换，精选后再处理","西安高层次人才教育类\全新西安高层次人才教育类招聘【教基】考试必过复习资料价值980元新版\【11】全新教师招聘考试教育综合知识（教师职业道德）题库及答案_【金榜题名教育培训】.doc","F:\BaiduNetdiskDownload\教学资料\西安高层次人才教育类\全新西安高层次人才教育类招聘【教基】考试必过复习资料价值980元新版\【11】全新教师招聘考试教育综合知识（教师职业道德）题库及答案_【金榜题名教育培训】.doc"
"162","教师职业道德内部资料参考答案.doc",".doc","0.02","西安高层次人才教育类","教师职业道德","答案解析","答案","暂不批量转换，精选后再处理","西安高层次人才教育类\【预测题库】西安高层次人才教育类招聘考试教育综合知识复习资料新版\全新版教师招聘-分模块模拟练习重点一一击破\7、综合演练\教师职业道德内部资料参考答案.doc","F:\BaiduNetdiskDownload\教学资料\西安高层次人才教育类\【预测题库】西安高层次人才教育类招聘考试教育综合知识复习资料新版\全新版教师招聘-分模块模拟练习重点一一击破\7、综合演练\教师职业道德内部资料参考答案.doc"
"163","全新版教师职业道德修养基本要求试题和参考答案.doc",".doc","0.05","西安高层次人才教育类","教师职业道德","答案解析","答案","暂不批量转换，精选后再处理","西安高层次人才教育类\【预测题库】西安高层次人才教育类招聘考试教育综合知识复习资料新版\全新版教师招聘-分模块模拟练习重点一一击破\4、教师职业道德\全新版教师职业道德修养基本要求试题和参考答案.doc","F:\BaiduNetdiskDownload\教学资料\西安高层次人才教育类\【预测题库】西安高层次人才教育类招聘考试教育综合知识复习资料新版\全新版教师招聘-分模块模拟练习重点一一击破\4、教师职业道德\全新版教师职业道德修养基本要求试题和参考答案.doc"
"164","【9】全新教师招聘考试教育综合知识（教育法律法规）题库及答案_【金榜题名教育培训】.doc",".doc","0.33","西安高层次人才教育类","教育法律法规","答案解析","答案","暂不批量转换，精选后再处理","西安高层次人才教育类\全新西安高层次人才教育类招聘【教基】考试必过复习资料价值980元新版\【9】全新教师招聘考试教育综合知识（教育法律法规）题库及答案_【金榜题名教育培训】.doc","F:\BaiduNetdiskDownload\教学资料\西安高层次人才教育类\全新西安高层次人才教育类招聘【教基】考试必过复习资料价值980元新版\【9】全新教师招聘考试教育综合知识（教育法律法规）题库及答案_【金榜题名教育培训】.doc"
"165","教育法律法规答案.doc",".doc","0.05","西安高层次人才教育类","教育法律法规","答案解析","答案","暂不批量转换，精选后再处理","西安高层次人才教育类\【预测题库】西安高层次人才教育类招聘考试教育综合知识复习资料新版\全新版教师招聘-分模块模拟练习重点一一击破\7、综合演练\教育法律法规答案.doc","F:\BaiduNetdiskDownload\教学资料\西安高层次人才教育类\【预测题库】西安高层次人才教育类招聘考试教育综合知识复习资料新版\全新版教师招聘-分模块模拟练习重点一一击破\7、综合演练\教育法律法规答案.doc"
"166","全新版教育法律法规案例分析试题及答案.doc",".doc","0.2","西安高层次人才教育类","教育法律法规","答案解析","答案","暂不批量转换，精选后再处理","西安高层次人才教育类\【预测题库】西安高层次人才教育类招聘考试教育综合知识复习资料新版\全新版教师招聘-分模块模拟练习重点一一击破\5、教育法律与法规\全新版教育法律法规案例分析试题及答案.doc","F:\BaiduNetdiskDownload\教学资料\西安高层次人才教育类\【预测题库】西安高层次人才教育类招聘考试教育综合知识复习资料新版\全新版教师招聘-分模块模拟练习重点一一击破\5、教育法律与法规\全新版教育法律法规案例分析试题及答案.doc"
"167","全新版教育法律法规模拟试题及答案（1）.doc",".doc","0.07","西安高层次人才教育类","教育法律法规","答案解析","答案","暂不批量转换，精选后再处理","西安高层次人才教育类\【预测题库】西安高层次人才教育类招聘考试教育综合知识复习资料新版\全新版教师招聘-分模块模拟练习重点一一击破\5、教育法律与法规\全新版教育法律法规模拟试题及答案（1）.doc","F:\BaiduNetdiskDownload\教学资料\西安高层次人才教育类\【预测题库】西安高层次人才教育类招聘考试教育综合知识复习资料新版\全新版教师招聘-分模块模拟练习重点一一击破\5、教育法律与法规\全新版教育法律法规模拟试题及答案（1）.doc"
"168","全新版教育法律法规模拟试题及答案（2）.doc",".doc","0.04","西安高层次人才教育类","教育法律法规","答案解析","答案","暂不批量转换，精选后再处理","西安高层次人才教育类\【预测题库】西安高层次人才教育类招聘考试教育综合知识复习资料新版\全新版教师招聘-分模块模拟练习重点一一击破\5、教育法律与法规\全新版教育法律法规模拟试题及答案（2）.doc","F:\BaiduNetdiskDownload\教学资料\西安高层次人才教育类\【预测题库】西安高层次人才教育类招聘考试教育综合知识复习资料新版\全新版教师招聘-分模块模拟练习重点一一击破\5、教育法律与法规\全新版教育法律法规模拟试题及答案（2）.doc"
"169","【7】全新教师招聘考试教育综合知识（教育心理学）题库及答案_【金榜题名教育培训】.doc",".doc","0.28","西安高层次人才教育类","教育心理学","答案解析","答案","暂不批量转换，精选后再处理","西安高层次人才教育类\全新西安高层次人才教育类招聘【教基】考试必过复习资料价值980元新版\【7】全新教师招聘考试教育综合知识（教育心理学）题库及答案_【金榜题名教育培训】.doc","F:\BaiduNetdiskDownload\教学资料\西安高层次人才教育类\全新西安高层次人才教育类招聘【教基】考试必过复习资料价值980元新版\【7】全新教师招聘考试教育综合知识（教育心理学）题库及答案_【金榜题名教育培训】.doc"
"170","教育心理学答案.doc",".doc","0.36","西安高层次人才教育类","教育心理学","答案解析","答案","暂不批量转换，精选后再处理","西安高层次人才教育类\【预测题库】西安高层次人才教育类招聘考试教育综合知识复习资料新版\全新版教师招聘-分模块模拟练习重点一一击破\7、综合演练\教育心理学答案.doc","F:\BaiduNetdiskDownload\教学资料\西安高层次人才教育类\【预测题库】西安高层次人才教育类招聘考试教育综合知识复习资料新版\全新版教师招聘-分模块模拟练习重点一一击破\7、综合演练\教育心理学答案.doc"
"171","【3】全新教师招聘考试教育综合知识（教育学）题库及答案_【金榜题名教育培训】.doc",".doc","0.23","西安高层次人才教育类","教育学","答案解析","答案","暂不批量转换，精选后再处理","西安高层次人才教育类\全新西安高层次人才教育类招聘【教基】考试必过复习资料价值980元新版\【3】全新教师招聘考试教育综合知识（教育学）题库及答案_【金榜题名教育培训】.doc","F:\BaiduNetdiskDownload\教学资料\西安高层次人才教育类\全新西安高层次人才教育类招聘【教基】考试必过复习资料价值980元新版\【3】全新教师招聘考试教育综合知识（教育学）题库及答案_【金榜题名教育培训】.doc"
"172","教育学答案.doc",".doc","0.07","西安高层次人才教育类","教育学","答案解析","答案","暂不批量转换，精选后再处理","西安高层次人才教育类\【预测题库】西安高层次人才教育类招聘考试教育综合知识复习资料新版\全新版教师招聘-分模块模拟练习重点一一击破\7、综合演练\教育学答案.doc","F:\BaiduNetdiskDownload\教学资料\西安高层次人才教育类\【预测题库】西安高层次人才教育类招聘考试教育综合知识复习资料新版\全新版教师招聘-分模块模拟练习重点一一击破\7、综合演练\教育学答案.doc"
"173","全新版教育学模拟试题及答案(1).doc",".doc","0.03","西安高层次人才教育类","教育学","答案解析","答案","暂不批量转换，精选后再处理","西安高层次人才教育类\【预测题库】西安高层次人才教育类招聘考试教育综合知识复习资料新版\全新版教师招聘-分模块模拟练习重点一一击破\1、教育学\全新版教育学模拟试题及答案(1).doc","F:\BaiduNetdiskDownload\教学资料\西安高层次人才教育类\【预测题库】西安高层次人才教育类招聘考试教育综合知识复习资料新版\全新版教师招聘-分模块模拟练习重点一一击破\1、教育学\全新版教育学模拟试题及答案(1).doc"
"174","全新版教育学模拟试题及答案(2).doc",".doc","0.03","西安高层次人才教育类","教育学","答案解析","答案","暂不批量转换，精选后再处理","西安高层次人才教育类\【预测题库】西安高层次人才教育类招聘考试教育综合知识复习资料新版\全新版教师招聘-分模块模拟练习重点一一击破\1、教育学\全新版教育学模拟试题及答案(2).doc","F:\BaiduNetdiskDownload\教学资料\西安高层次人才教育类\【预测题库】西安高层次人才教育类招聘考试教育综合知识复习资料新版\全新版教师招聘-分模块模拟练习重点一一击破\1、教育学\全新版教育学模拟试题及答案(2).doc"
"175","全新版教育学模拟试题及答案(3).doc",".doc","0.03","西安高层次人才教育类","教育学","答案解析","答案","暂不批量转换，精选后再处理","西安高层次人才教育类\【预测题库】西安高层次人才教育类招聘考试教育综合知识复习资料新版\全新版教师招聘-分模块模拟练习重点一一击破\1、教育学\全新版教育学模拟试题及答案(3).doc","F:\BaiduNetdiskDownload\教学资料\西安高层次人才教育类\【预测题库】西安高层次人才教育类招聘考试教育综合知识复习资料新版\全新版教师招聘-分模块模拟练习重点一一击破\1、教育学\全新版教育学模拟试题及答案(3).doc"
"176","全新版教育学模拟试题及答案(4).doc",".doc","0.03","西安高层次人才教育类","教育学","答案解析","答案","暂不批量转换，精选后再处理","西安高层次人才教育类\【预测题库】西安高层次人才教育类招聘考试教育综合知识复习资料新版\全新版教师招聘-分模块模拟练习重点一一击破\1、教育学\全新版教育学模拟试题及答案(4).doc","F:\BaiduNetdiskDownload\教学资料\西安高层次人才教育类\【预测题库】西安高层次人才教育类招聘考试教育综合知识复习资料新版\全新版教师招聘-分模块模拟练习重点一一击破\1、教育学\全新版教育学模拟试题及答案(4).doc"
"177","全新版教育学模拟试题及答案(5).doc",".doc","0.03","西安高层次人才教育类","教育学","答案解析","答案","暂不批量转换，精选后再处理","西安高层次人才教育类\【预测题库】西安高层次人才教育类招聘考试教育综合知识复习资料新版\全新版教师招聘-分模块模拟练习重点一一击破\1、教育学\全新版教育学模拟试题及答案(5).doc","F:\BaiduNetdiskDownload\教学资料\西安高层次人才教育类\【预测题库】西安高层次人才教育类招聘考试教育综合知识复习资料新版\全新版教师招聘-分模块模拟练习重点一一击破\1、教育学\全新版教育学模拟试题及答案(5).doc"
"178","《国家中长期教育改革和发展规划纲要》测试题(试卷、答案).doc",".doc","0.05","西安高层次人才教育类","教育综合","答案解析","答案","暂不批量转换，精选后再处理","西安高层次人才教育类\【预测题库】西安高层次人才教育类招聘考试教育综合知识复习资料新版\全新版教师招聘-分模块模拟练习重点一一击破\7、综合演练\《国家中长期教育改革和发展规划纲要》测试题(试卷、答案).doc","F:\BaiduNetdiskDownload\教学资料\西安高层次人才教育类\【预测题库】西安高层次人才教育类招聘考试教育综合知识复习资料新版\全新版教师招聘-分模块模拟练习重点一一击破\7、综合演练\《国家中长期教育改革和发展规划纲要》测试题(试卷、答案).doc"
"179","【16】全新教师招聘考试《教育综合知识》已考真题汇编及答案解析3套_【金榜题名教育培训】.doc",".doc","0.21","西安高层次人才教育类","教育综合","答案解析","答案","暂不批量转换，精选后再处理","西安高层次人才教育类\全新西安高层次人才教育类招聘【教基】考试必过复习资料价值980元新版\【16】全新教师招聘考试《教育综合知识》已考真题汇编及答案解析3套_【金榜题名教育培训】.doc","F:\BaiduNetdiskDownload\教学资料\西安高层次人才教育类\全新西安高层次人才教育类招聘【教基】考试必过复习资料价值980元新版\【16】全新教师招聘考试《教育综合知识》已考真题汇编及答案解析3套_【金榜题名教育培训】.doc"
"180","教师招聘考试教育综合知识1000题1.0版本答案.pdf",".pdf","1.85","西安高层次人才教育类","教育综合","答案解析","答案","保留原格式","西安高层次人才教育类\【预测题库】西安高层次人才教育类招聘考试教育综合知识复习资料新版\考前必刷教综精选1000题、300题\教师招聘考试教育综合知识1000题1.0版本答案.pdf","F:\BaiduNetdiskDownload\教学资料\西安高层次人才教育类\【预测题库】西安高层次人才教育类招聘考试教育综合知识复习资料新版\考前必刷教综精选1000题、300题\教师招聘考试教育综合知识1000题1.0版本答案.pdf"
"181","教师招聘考试教育综合知识1000题2.0版本答案.pdf",".pdf","1.31","西安高层次人才教育类","教育综合","答案解析","答案","保留原格式","西安高层次人才教育类\【预测题库】西安高层次人才教育类招聘考试教育综合知识复习资料新版\考前必刷教综精选1000题、300题\教师招聘考试教育综合知识1000题2.0版本答案.pdf","F:\BaiduNetdiskDownload\教学资料\西安高层次人才教育类\【预测题库】西安高层次人才教育类招聘考试教育综合知识复习资料新版\考前必刷教综精选1000题、300题\教师招聘考试教育综合知识1000题2.0版本答案.pdf"
"182","教师招聘考试易错题1.pdf",".pdf","0.32","西安高层次人才教育类","教育综合","答案解析","答案","保留原格式","西安高层次人才教育类\【预测题库】西安高层次人才教育类招聘考试教育综合知识复习资料新版\教综易错题集6套含答案\教师招聘考试易错题1.pdf","F:\BaiduNetdiskDownload\教学资料\西安高层次人才教育类\【预测题库】西安高层次人才教育类招聘考试教育综合知识复习资料新版\教综易错题集6套含答案\教师招聘考试易错题1.pdf"
"183","教师招聘考试易错题2.pdf",".pdf","0.29","西安高层次人才教育类","教育综合","答案解析","答案","保留原格式","西安高层次人才教育类\【预测题库】西安高层次人才教育类招聘考试教育综合知识复习资料新版\教综易错题集6套含答案\教师招聘考试易错题2.pdf","F:\BaiduNetdiskDownload\教学资料\西安高层次人才教育类\【预测题库】西安高层次人才教育类招聘考试教育综合知识复习资料新版\教综易错题集6套含答案\教师招聘考试易错题2.pdf"
"184","教师招聘考试易错题3.pdf",".pdf","0.31","西安高层次人才教育类","教育综合","答案解析","答案","保留原格式","西安高层次人才教育类\【预测题库】西安高层次人才教育类招聘考试教育综合知识复习资料新版\教综易错题集6套含答案\教师招聘考试易错题3.pdf","F:\BaiduNetdiskDownload\教学资料\西安高层次人才教育类\【预测题库】西安高层次人才教育类招聘考试教育综合知识复习资料新版\教综易错题集6套含答案\教师招聘考试易错题3.pdf"
"185","教师招聘考试易错题4.pdf",".pdf","0.32","西安高层次人才教育类","教育综合","答案解析","答案","保留原格式","西安高层次人才教育类\【预测题库】西安高层次人才教育类招聘考试教育综合知识复习资料新版\教综易错题集6套含答案\教师招聘考试易错题4.pdf","F:\BaiduNetdiskDownload\教学资料\西安高层次人才教育类\【预测题库】西安高层次人才教育类招聘考试教育综合知识复习资料新版\教综易错题集6套含答案\教师招聘考试易错题4.pdf"
"186","教师招聘考试易错题5.pdf",".pdf","0.29","西安高层次人才教育类","教育综合","答案解析","答案","保留原格式","西安高层次人才教育类\【预测题库】西安高层次人才教育类招聘考试教育综合知识复习资料新版\教综易错题集6套含答案\教师招聘考试易错题5.pdf","F:\BaiduNetdiskDownload\教学资料\西安高层次人才教育类\【预测题库】西安高层次人才教育类招聘考试教育综合知识复习资料新版\教综易错题集6套含答案\教师招聘考试易错题5.pdf"
"187","教师招聘考试易错题6.pdf",".pdf","0.33","西安高层次人才教育类","教育综合","答案解析","答案","保留原格式","西安高层次人才教育类\【预测题库】西安高层次人才教育类招聘考试教育综合知识复习资料新版\教综易错题集6套含答案\教师招聘考试易错题6.pdf","F:\BaiduNetdiskDownload\教学资料\西安高层次人才教育类\【预测题库】西安高层次人才教育类招聘考试教育综合知识复习资料新版\教综易错题集6套含答案\教师招聘考试易错题6.pdf"
"188","教学技能参考答案.doc",".doc","0.02","西安高层次人才教育类","教育综合","答案解析","答案","暂不批量转换，精选后再处理","西安高层次人才教育类\【预测题库】西安高层次人才教育类招聘考试教育综合知识复习资料新版\全新版教师招聘-分模块模拟练习重点一一击破\7、综合演练\教学技能参考答案.doc","F:\BaiduNetdiskDownload\教学资料\西安高层次人才教育类\【预测题库】西安高层次人才教育类招聘考试教育综合知识复习资料新版\全新版教师招聘-分模块模拟练习重点一一击破\7、综合演练\教学技能参考答案.doc"
"189","教育综合知识1400题-单选题-800题-答案.docx",".docx","0.36","西安高层次人才教育类","教育综合","答案解析","答案","保留原格式","西安高层次人才教育类\【预测题库】西安高层次人才教育类招聘考试教育综合知识复习资料新版\（单多判）教育综合知识1400题\教育综合知识1400题-单选题-800题-答案.docx","F:\BaiduNetdiskDownload\教学资料\西安高层次人才教育类\【预测题库】西安高层次人才教育类招聘考试教育综合知识复习资料新版\（单多判）教育综合知识1400题\教育综合知识1400题-单选题-800题-答案.docx"
"190","教育综合知识1400题-多选题-300题-答案.docx",".docx","0.16","西安高层次人才教育类","教育综合","答案解析","答案","保留原格式","西安高层次人才教育类\【预测题库】西安高层次人才教育类招聘考试教育综合知识复习资料新版\（单多判）教育综合知识1400题\教育综合知识1400题-多选题-300题-答案.docx","F:\BaiduNetdiskDownload\教学资料\西安高层次人才教育类\【预测题库】西安高层次人才教育类招聘考试教育综合知识复习资料新版\（单多判）教育综合知识1400题\教育综合知识1400题-多选题-300题-答案.docx"
"191","教育综合知识1400题-判断题-300题-答案.docx",".docx","0.09","西安高层次人才教育类","教育综合","答案解析","答案","保留原格式","西安高层次人才教育类\【预测题库】西安高层次人才教育类招聘考试教育综合知识复习资料新版\（单多判）教育综合知识1400题\教育综合知识1400题-判断题-300题-答案.docx","F:\BaiduNetdiskDownload\教学资料\西安高层次人才教育类\【预测题库】西安高层次人才教育类招聘考试教育综合知识复习资料新版\（单多判）教育综合知识1400题\教育综合知识1400题-判断题-300题-答案.docx"
"192","教综上岸必刷300题答案及解析.pdf",".pdf","0.77","西安高层次人才教育类","教育综合","答案解析","答案","保留原格式","西安高层次人才教育类\【预测题库】西安高层次人才教育类招聘考试教育综合知识复习资料新版\考前必刷教综精选1000题、300题\教综上岸必刷300题答案及解析.pdf","F:\BaiduNetdiskDownload\教学资料\西安高层次人才教育类\【预测题库】西安高层次人才教育类招聘考试教育综合知识复习资料新版\考前必刷教综精选1000题、300题\教综上岸必刷300题答案及解析.pdf"
"193","全新版教师招聘《教育理论综合》模拟试题与答案（1）.doc",".doc","0.07","西安高层次人才教育类","教育综合","答案解析","答案","暂不批量转换，精选后再处理","西安高层次人才教育类\【预测题库】西安高层次人才教育类招聘考试教育综合知识复习资料新版\全新版教师招聘《教育理论》试题与答案10套试卷\全新版教师招聘《教育理论综合》模拟试题与答案（1）.doc","F:\BaiduNetdiskDownload\教学资料\西安高层次人才教育类\【预测题库】西安高层次人才教育类招聘考试教育综合知识复习资料新版\全新版教师招聘《教育理论》试题与答案10套试卷\全新版教师招聘《教育理论综合》模拟试题与答案（1）.doc"
"194","全新版教师招聘《教育理论综合》模拟试题与答案（10）.doc",".doc","0.07","西安高层次人才教育类","教育综合","答案解析","答案","暂不批量转换，精选后再处理","西安高层次人才教育类\【预测题库】西安高层次人才教育类招聘考试教育综合知识复习资料新版\全新版教师招聘《教育理论》试题与答案10套试卷\全新版教师招聘《教育理论综合》模拟试题与答案（10）.doc","F:\BaiduNetdiskDownload\教学资料\西安高层次人才教育类\【预测题库】西安高层次人才教育类招聘考试教育综合知识复习资料新版\全新版教师招聘《教育理论》试题与答案10套试卷\全新版教师招聘《教育理论综合》模拟试题与答案（10）.doc"
"195","全新版教师招聘《教育理论综合》模拟试题与答案（2）.doc",".doc","0.06","西安高层次人才教育类","教育综合","答案解析","答案","暂不批量转换，精选后再处理","西安高层次人才教育类\【预测题库】西安高层次人才教育类招聘考试教育综合知识复习资料新版\全新版教师招聘《教育理论》试题与答案10套试卷\全新版教师招聘《教育理论综合》模拟试题与答案（2）.doc","F:\BaiduNetdiskDownload\教学资料\西安高层次人才教育类\【预测题库】西安高层次人才教育类招聘考试教育综合知识复习资料新版\全新版教师招聘《教育理论》试题与答案10套试卷\全新版教师招聘《教育理论综合》模拟试题与答案（2）.doc"
"196","全新版教师招聘《教育理论综合》模拟试题与答案（3）.doc",".doc","0.07","西安高层次人才教育类","教育综合","答案解析","答案","暂不批量转换，精选后再处理","西安高层次人才教育类\【预测题库】西安高层次人才教育类招聘考试教育综合知识复习资料新版\全新版教师招聘《教育理论》试题与答案10套试卷\全新版教师招聘《教育理论综合》模拟试题与答案（3）.doc","F:\BaiduNetdiskDownload\教学资料\西安高层次人才教育类\【预测题库】西安高层次人才教育类招聘考试教育综合知识复习资料新版\全新版教师招聘《教育理论》试题与答案10套试卷\全新版教师招聘《教育理论综合》模拟试题与答案（3）.doc"
"197","全新版教师招聘《教育理论综合》模拟试题与答案（4）.doc",".doc","0.07","西安高层次人才教育类","教育综合","答案解析","答案","暂不批量转换，精选后再处理","西安高层次人才教育类\【预测题库】西安高层次人才教育类招聘考试教育综合知识复习资料新版\全新版教师招聘《教育理论》试题与答案10套试卷\全新版教师招聘《教育理论综合》模拟试题与答案（4）.doc","F:\BaiduNetdiskDownload\教学资料\西安高层次人才教育类\【预测题库】西安高层次人才教育类招聘考试教育综合知识复习资料新版\全新版教师招聘《教育理论》试题与答案10套试卷\全新版教师招聘《教育理论综合》模拟试题与答案（4）.doc"
"198","全新版教师招聘《教育理论综合》模拟试题与答案（5）.doc",".doc","0.07","西安高层次人才教育类","教育综合","答案解析","答案","暂不批量转换，精选后再处理","西安高层次人才教育类\【预测题库】西安高层次人才教育类招聘考试教育综合知识复习资料新版\全新版教师招聘《教育理论》试题与答案10套试卷\全新版教师招聘《教育理论综合》模拟试题与答案（5）.doc","F:\BaiduNetdiskDownload\教学资料\西安高层次人才教育类\【预测题库】西安高层次人才教育类招聘考试教育综合知识复习资料新版\全新版教师招聘《教育理论》试题与答案10套试卷\全新版教师招聘《教育理论综合》模拟试题与答案（5）.doc"
"199","全新版教师招聘《教育理论综合》模拟试题与答案（6）.doc",".doc","0.07","西安高层次人才教育类","教育综合","答案解析","答案","暂不批量转换，精选后再处理","西安高层次人才教育类\【预测题库】西安高层次人才教育类招聘考试教育综合知识复习资料新版\全新版教师招聘《教育理论》试题与答案10套试卷\全新版教师招聘《教育理论综合》模拟试题与答案（6）.doc","F:\BaiduNetdiskDownload\教学资料\西安高层次人才教育类\【预测题库】西安高层次人才教育类招聘考试教育综合知识复习资料新版\全新版教师招聘《教育理论》试题与答案10套试卷\全新版教师招聘《教育理论综合》模拟试题与答案（6）.doc"
"200","全新版教师招聘《教育理论综合》模拟试题与答案（7）.doc",".doc","0.06","西安高层次人才教育类","教育综合","答案解析","答案","暂不批量转换，精选后再处理","西安高层次人才教育类\【预测题库】西安高层次人才教育类招聘考试教育综合知识复习资料新版\全新版教师招聘《教育理论》试题与答案10套试卷\全新版教师招聘《教育理论综合》模拟试题与答案（7）.doc","F:\BaiduNetdiskDownload\教学资料\西安高层次人才教育类\【预测题库】西安高层次人才教育类招聘考试教育综合知识复习资料新版\全新版教师招聘《教育理论》试题与答案10套试卷\全新版教师招聘《教育理论综合》模拟试题与答案（7）.doc"
"201","全新版教师招聘《教育理论综合》模拟试题与答案（8）.doc",".doc","0.07","西安高层次人才教育类","教育综合","答案解析","答案","暂不批量转换，精选后再处理","西安高层次人才教育类\【预测题库】西安高层次人才教育类招聘考试教育综合知识复习资料新版\全新版教师招聘《教育理论》试题与答案10套试卷\全新版教师招聘《教育理论综合》模拟试题与答案（8）.doc","F:\BaiduNetdiskDownload\教学资料\西安高层次人才教育类\【预测题库】西安高层次人才教育类招聘考试教育综合知识复习资料新版\全新版教师招聘《教育理论》试题与答案10套试卷\全新版教师招聘《教育理论综合》模拟试题与答案（8）.doc"
"202","全新版教师招聘《教育理论综合》模拟试题与答案（9）.doc",".doc","0.07","西安高层次人才教育类","教育综合","答案解析","答案","暂不批量转换，精选后再处理","西安高层次人才教育类\【预测题库】西安高层次人才教育类招聘考试教育综合知识复习资料新版\全新版教师招聘《教育理论》试题与答案10套试卷\全新版教师招聘《教育理论综合》模拟试题与答案（9）.doc","F:\BaiduNetdiskDownload\教学资料\西安高层次人才教育类\【预测题库】西安高层次人才教育类招聘考试教育综合知识复习资料新版\全新版教师招聘《教育理论》试题与答案10套试卷\全新版教师招聘《教育理论综合》模拟试题与答案（9）.doc"
"203","全新版教师招聘模拟卷（八）答案.pdf",".pdf","0.31","西安高层次人才教育类","教育综合","答案解析","答案","保留原格式","西安高层次人才教育类\【预测题库】西安高层次人才教育类招聘考试教育综合知识复习资料新版\全新版教师招聘【教育综合知识】-预测模拟试卷十套\全新版教师招聘模拟卷（八）答案.pdf","F:\BaiduNetdiskDownload\教学资料\西安高层次人才教育类\【预测题库】西安高层次人才教育类招聘考试教育综合知识复习资料新版\全新版教师招聘【教育综合知识】-预测模拟试卷十套\全新版教师招聘模拟卷（八）答案.pdf"
"204","全新版教师招聘模拟卷（二）答案.pdf",".pdf","0.17","西安高层次人才教育类","教育综合","答案解析","答案","保留原格式","西安高层次人才教育类\【预测题库】西安高层次人才教育类招聘考试教育综合知识复习资料新版\全新版教师招聘【教育综合知识】-预测模拟试卷十套\全新版教师招聘模拟卷（二）答案.pdf","F:\BaiduNetdiskDownload\教学资料\西安高层次人才教育类\【预测题库】西安高层次人才教育类招聘考试教育综合知识复习资料新版\全新版教师招聘【教育综合知识】-预测模拟试卷十套\全新版教师招聘模拟卷（二）答案.pdf"
"205","全新版教师招聘模拟卷（九）答案.pdf",".pdf","0.18","西安高层次人才教育类","教育综合","答案解析","答案","保留原格式","西安高层次人才教育类\【预测题库】西安高层次人才教育类招聘考试教育综合知识复习资料新版\全新版教师招聘【教育综合知识】-预测模拟试卷十套\全新版教师招聘模拟卷（九）答案.pdf","F:\BaiduNetdiskDownload\教学资料\西安高层次人才教育类\【预测题库】西安高层次人才教育类招聘考试教育综合知识复习资料新版\全新版教师招聘【教育综合知识】-预测模拟试卷十套\全新版教师招聘模拟卷（九）答案.pdf"
"206","全新版教师招聘模拟卷（六）答案.pdf",".pdf","0.33","西安高层次人才教育类","教育综合","答案解析","答案","保留原格式","西安高层次人才教育类\【预测题库】西安高层次人才教育类招聘考试教育综合知识复习资料新版\全新版教师招聘【教育综合知识】-预测模拟试卷十套\全新版教师招聘模拟卷（六）答案.pdf","F:\BaiduNetdiskDownload\教学资料\西安高层次人才教育类\【预测题库】西安高层次人才教育类招聘考试教育综合知识复习资料新版\全新版教师招聘【教育综合知识】-预测模拟试卷十套\全新版教师招聘模拟卷（六）答案.pdf"
"207","全新版教师招聘模拟卷（七）答案.pdf",".pdf","0.21","西安高层次人才教育类","教育综合","答案解析","答案","保留原格式","西安高层次人才教育类\【预测题库】西安高层次人才教育类招聘考试教育综合知识复习资料新版\全新版教师招聘【教育综合知识】-预测模拟试卷十套\全新版教师招聘模拟卷（七）答案.pdf","F:\BaiduNetdiskDownload\教学资料\西安高层次人才教育类\【预测题库】西安高层次人才教育类招聘考试教育综合知识复习资料新版\全新版教师招聘【教育综合知识】-预测模拟试卷十套\全新版教师招聘模拟卷（七）答案.pdf"
"208","全新版教师招聘模拟卷（三）答案.pdf",".pdf","0.17","西安高层次人才教育类","教育综合","答案解析","答案","保留原格式","西安高层次人才教育类\【预测题库】西安高层次人才教育类招聘考试教育综合知识复习资料新版\全新版教师招聘【教育综合知识】-预测模拟试卷十套\全新版教师招聘模拟卷（三）答案.pdf","F:\BaiduNetdiskDownload\教学资料\西安高层次人才教育类\【预测题库】西安高层次人才教育类招聘考试教育综合知识复习资料新版\全新版教师招聘【教育综合知识】-预测模拟试卷十套\全新版教师招聘模拟卷（三）答案.pdf"
"209","全新版教师招聘模拟卷（十）答案.pdf",".pdf","0.2","西安高层次人才教育类","教育综合","答案解析","答案","保留原格式","西安高层次人才教育类\【预测题库】西安高层次人才教育类招聘考试教育综合知识复习资料新版\全新版教师招聘【教育综合知识】-预测模拟试卷十套\全新版教师招聘模拟卷（十）答案.pdf","F:\BaiduNetdiskDownload\教学资料\西安高层次人才教育类\【预测题库】西安高层次人才教育类招聘考试教育综合知识复习资料新版\全新版教师招聘【教育综合知识】-预测模拟试卷十套\全新版教师招聘模拟卷（十）答案.pdf"
"210","全新版教师招聘模拟卷（四）答案.pdf",".pdf","0.16","西安高层次人才教育类","教育综合","答案解析","答案","保留原格式","西安高层次人才教育类\【预测题库】西安高层次人才教育类招聘考试教育综合知识复习资料新版\全新版教师招聘【教育综合知识】-预测模拟试卷十套\全新版教师招聘模拟卷（四）答案.pdf","F:\BaiduNetdiskDownload\教学资料\西安高层次人才教育类\【预测题库】西安高层次人才教育类招聘考试教育综合知识复习资料新版\全新版教师招聘【教育综合知识】-预测模拟试卷十套\全新版教师招聘模拟卷（四）答案.pdf"
"211","全新版教师招聘模拟卷（五）答案.pdf",".pdf","0.17","西安高层次人才教育类","教育综合","答案解析","答案","保留原格式","西安高层次人才教育类\【预测题库】西安高层次人才教育类招聘考试教育综合知识复习资料新版\全新版教师招聘【教育综合知识】-预测模拟试卷十套\全新版教师招聘模拟卷（五）答案.pdf","F:\BaiduNetdiskDownload\教学资料\西安高层次人才教育类\【预测题库】西安高层次人才教育类招聘考试教育综合知识复习资料新版\全新版教师招聘【教育综合知识】-预测模拟试卷十套\全新版教师招聘模拟卷（五）答案.pdf"
"212","全新版教师招聘模拟卷（一）答案.pdf",".pdf","0.19","西安高层次人才教育类","教育综合","答案解析","答案","保留原格式","西安高层次人才教育类\【预测题库】西安高层次人才教育类招聘考试教育综合知识复习资料新版\全新版教师招聘【教育综合知识】-预测模拟试卷十套\全新版教师招聘模拟卷（一）答案.pdf","F:\BaiduNetdiskDownload\教学资料\西安高层次人才教育类\【预测题库】西安高层次人才教育类招聘考试教育综合知识复习资料新版\全新版教师招聘【教育综合知识】-预测模拟试卷十套\全新版教师招聘模拟卷（一）答案.pdf"
"213","【5】全新教师招聘考试教育综合知识（心理学）题库及答案_【金榜题名教育培训】.doc",".doc","0.42","西安高层次人才教育类","心理学","答案解析","答案","暂不批量转换，精选后再处理","西安高层次人才教育类\全新西安高层次人才教育类招聘【教基】考试必过复习资料价值980元新版\【5】全新教师招聘考试教育综合知识（心理学）题库及答案_【金榜题名教育培训】.doc","F:\BaiduNetdiskDownload\教学资料\西安高层次人才教育类\全新西安高层次人才教育类招聘【教基】考试必过复习资料价值980元新版\【5】全新教师招聘考试教育综合知识（心理学）题库及答案_【金榜题名教育培训】.doc"
"214","全新版心理学模拟试卷及答案(1).doc",".doc","0.04","西安高层次人才教育类","心理学","答案解析","答案","暂不批量转换，精选后再处理","西安高层次人才教育类\【预测题库】西安高层次人才教育类招聘考试教育综合知识复习资料新版\全新版教师招聘-分模块模拟练习重点一一击破\2、心理学\全新版心理学模拟试卷及答案(1).doc","F:\BaiduNetdiskDownload\教学资料\西安高层次人才教育类\【预测题库】西安高层次人才教育类招聘考试教育综合知识复习资料新版\全新版教师招聘-分模块模拟练习重点一一击破\2、心理学\全新版心理学模拟试卷及答案(1).doc"
"215","全新版心理学模拟试卷及答案(2).doc",".doc","0.04","西安高层次人才教育类","心理学","答案解析","答案","暂不批量转换，精选后再处理","西安高层次人才教育类\【预测题库】西安高层次人才教育类招聘考试教育综合知识复习资料新版\全新版教师招聘-分模块模拟练习重点一一击破\2、心理学\全新版心理学模拟试卷及答案(2).doc","F:\BaiduNetdiskDownload\教学资料\西安高层次人才教育类\【预测题库】西安高层次人才教育类招聘考试教育综合知识复习资料新版\全新版教师招聘-分模块模拟练习重点一一击破\2、心理学\全新版心理学模拟试卷及答案(2).doc"
"216","全新版心理学模拟试卷及答案(3).doc",".doc","0.04","西安高层次人才教育类","心理学","答案解析","答案","暂不批量转换，精选后再处理","西安高层次人才教育类\【预测题库】西安高层次人才教育类招聘考试教育综合知识复习资料新版\全新版教师招聘-分模块模拟练习重点一一击破\2、心理学\全新版心理学模拟试卷及答案(3).doc","F:\BaiduNetdiskDownload\教学资料\西安高层次人才教育类\【预测题库】西安高层次人才教育类招聘考试教育综合知识复习资料新版\全新版教师招聘-分模块模拟练习重点一一击破\2、心理学\全新版心理学模拟试卷及答案(3).doc"
"217","全新版心理学模拟试卷及答案(4).doc",".doc","0.04","西安高层次人才教育类","心理学","答案解析","答案","暂不批量转换，精选后再处理","西安高层次人才教育类\【预测题库】西安高层次人才教育类招聘考试教育综合知识复习资料新版\全新版教师招聘-分模块模拟练习重点一一击破\2、心理学\全新版心理学模拟试卷及答案(4).doc","F:\BaiduNetdiskDownload\教学资料\西安高层次人才教育类\【预测题库】西安高层次人才教育类招聘考试教育综合知识复习资料新版\全新版教师招聘-分模块模拟练习重点一一击破\2、心理学\全新版心理学模拟试卷及答案(4).doc"
"218","全新版心理学模拟试卷及答案(5).doc",".doc","0.04","西安高层次人才教育类","心理学","答案解析","答案","暂不批量转换，精选后再处理","西安高层次人才教育类\【预测题库】西安高层次人才教育类招聘考试教育综合知识复习资料新版\全新版教师招聘-分模块模拟练习重点一一击破\2、心理学\全新版心理学模拟试卷及答案(5).doc","F:\BaiduNetdiskDownload\教学资料\西安高层次人才教育类\【预测题库】西安高层次人才教育类招聘考试教育综合知识复习资料新版\全新版教师招聘-分模块模拟练习重点一一击破\2、心理学\全新版心理学模拟试卷及答案(5).doc"
"219","心理学答案.doc",".doc","0.03","西安高层次人才教育类","心理学","答案解析","答案","暂不批量转换，精选后再处理","西安高层次人才教育类\【预测题库】西安高层次人才教育类招聘考试教育综合知识复习资料新版\全新版教师招聘-分模块模拟练习重点一一击破\7、综合演练\心理学答案.doc","F:\BaiduNetdiskDownload\教学资料\西安高层次人才教育类\【预测题库】西安高层次人才教育类招聘考试教育综合知识复习资料新版\全新版教师招聘-分模块模拟练习重点一一击破\7、综合演练\心理学答案.doc"
"220","【13】全新教师招聘考试教育综合知识（新课程改革）题库及答案_【金榜题名教育培训】.doc",".doc","0.25","西安高层次人才教育类","新课程改革","答案解析","答案","暂不批量转换，精选后再处理","西安高层次人才教育类\全新西安高层次人才教育类招聘【教基】考试必过复习资料价值980元新版\【13】全新教师招聘考试教育综合知识（新课程改革）题库及答案_【金榜题名教育培训】.doc","F:\BaiduNetdiskDownload\教学资料\西安高层次人才教育类\全新西安高层次人才教育类招聘【教基】考试必过复习资料价值980元新版\【13】全新教师招聘考试教育综合知识（新课程改革）题库及答案_【金榜题名教育培训】.doc"
"221","新课改试题及答案.doc",".doc","0.03","西安高层次人才教育类","新课程改革","答案解析","答案","暂不批量转换，精选后再处理","西安高层次人才教育类\【预测题库】西安高层次人才教育类招聘考试教育综合知识复习资料新版\全新版教师招聘-分模块模拟练习重点一一击破\7、综合演练\新课改试题及答案.doc","F:\BaiduNetdiskDownload\教学资料\西安高层次人才教育类\【预测题库】西安高层次人才教育类招聘考试教育综合知识复习资料新版\全新版教师招聘-分模块模拟练习重点一一击破\7、综合演练\新课改试题及答案.doc"
"222","【全新版】历年试题汇编模拟卷二 - 答案版.pdf",".pdf","0.45","西安高层次人才教育类","职测/行测","答案解析","答案","保留原格式","西安高层次人才教育类\【重点必过】西安高层次人才教育类招聘职业能力测试讲义题库重点\5. 全真测试-《行政职业能力测试》历年试题模拟预测名师密押试卷\【全新版】历年试题汇编模拟卷二 - 答案版.pdf","F:\BaiduNetdiskDownload\教学资料\西安高层次人才教育类\【重点必过】西安高层次人才教育类招聘职业能力测试讲义题库重点\5. 全真测试-《行政职业能力测试》历年试题模拟预测名师密押试卷\【全新版】历年试题汇编模拟卷二 - 答案版.pdf"
"223","【全新版】历年试题汇编模拟卷三 - 答案版.pdf",".pdf","0.38","西安高层次人才教育类","职测/行测","答案解析","答案","保留原格式","西安高层次人才教育类\【重点必过】西安高层次人才教育类招聘职业能力测试讲义题库重点\5. 全真测试-《行政职业能力测试》历年试题模拟预测名师密押试卷\【全新版】历年试题汇编模拟卷三 - 答案版.pdf","F:\BaiduNetdiskDownload\教学资料\西安高层次人才教育类\【重点必过】西安高层次人才教育类招聘职业能力测试讲义题库重点\5. 全真测试-《行政职业能力测试》历年试题模拟预测名师密押试卷\【全新版】历年试题汇编模拟卷三 - 答案版.pdf"
"224","【全新版】历年试题汇编模拟卷四 - 答案版.pdf",".pdf","0.37","西安高层次人才教育类","职测/行测","答案解析","答案","保留原格式","西安高层次人才教育类\【重点必过】西安高层次人才教育类招聘职业能力测试讲义题库重点\5. 全真测试-《行政职业能力测试》历年试题模拟预测名师密押试卷\【全新版】历年试题汇编模拟卷四 - 答案版.pdf","F:\BaiduNetdiskDownload\教学资料\西安高层次人才教育类\【重点必过】西安高层次人才教育类招聘职业能力测试讲义题库重点\5. 全真测试-《行政职业能力测试》历年试题模拟预测名师密押试卷\【全新版】历年试题汇编模拟卷四 - 答案版.pdf"
"225","【全新版】历年试题汇编模拟卷一 - 答案版.pdf",".pdf","0.36","西安高层次人才教育类","职测/行测","答案解析","答案","保留原格式","西安高层次人才教育类\【重点必过】西安高层次人才教育类招聘职业能力测试讲义题库重点\5. 全真测试-《行政职业能力测试》历年试题模拟预测名师密押试卷\【全新版】历年试题汇编模拟卷一 - 答案版.pdf","F:\BaiduNetdiskDownload\教学资料\西安高层次人才教育类\【重点必过】西安高层次人才教育类招聘职业能力测试讲义题库重点\5. 全真测试-《行政职业能力测试》历年试题模拟预测名师密押试卷\【全新版】历年试题汇编模拟卷一 - 答案版.pdf"
"226","常识判断全真模拟90题 答案.pdf",".pdf","3.97","西安高层次人才教育类","职测/行测","答案解析","答案","保留原格式","西安高层次人才教育类\【重点必过】西安高层次人才教育类招聘职业能力测试讲义题库重点\4. 新版《行政职业能力测试》专项重点\常识判断模块\常识判断全真模拟90题 答案.pdf","F:\BaiduNetdiskDownload\教学资料\西安高层次人才教育类\【重点必过】西安高层次人才教育类招聘职业能力测试讲义题库重点\4. 新版《行政职业能力测试》专项重点\常识判断模块\常识判断全真模拟90题 答案.pdf"
"227","地理国情330题答案.pdf",".pdf","1.28","西安高层次人才教育类","职测/行测","答案解析","答案","保留原格式","西安高层次人才教育类\【重点必过】西安高层次人才教育类招聘职业能力测试讲义题库重点\7.【学习重点】常识题库\地理国情330题答案.pdf","F:\BaiduNetdiskDownload\教学资料\西安高层次人才教育类\【重点必过】西安高层次人才教育类招聘职业能力测试讲义题库重点\7.【学习重点】常识题库\地理国情330题答案.pdf"
"228","法律常识515题答案.pdf",".pdf","0.95","西安高层次人才教育类","职测/行测","答案解析","答案","保留原格式","西安高层次人才教育类\【重点必过】西安高层次人才教育类招聘职业能力测试讲义题库重点\7.【学习重点】常识题库\法律常识515题答案.pdf","F:\BaiduNetdiskDownload\教学资料\西安高层次人才教育类\【重点必过】西安高层次人才教育类招聘职业能力测试讲义题库重点\7.【学习重点】常识题库\法律常识515题答案.pdf"
"229","经济常识172题答案.pdf",".pdf","0.64","西安高层次人才教育类","职测/行测","答案解析","答案","保留原格式","西安高层次人才教育类\【重点必过】西安高层次人才教育类招聘职业能力测试讲义题库重点\7.【学习重点】常识题库\经济常识172题答案.pdf","F:\BaiduNetdiskDownload\教学资料\西安高层次人才教育类\【重点必过】西安高层次人才教育类招聘职业能力测试讲义题库重点\7.【学习重点】常识题库\经济常识172题答案.pdf"
"230","科技常识677题答案.pdf",".pdf","2.59","西安高层次人才教育类","职测/行测","答案解析","答案","保留原格式","西安高层次人才教育类\【重点必过】西安高层次人才教育类招聘职业能力测试讲义题库重点\7.【学习重点】常识题库\科技常识677题答案.pdf","F:\BaiduNetdiskDownload\教学资料\西安高层次人才教育类\【重点必过】西安高层次人才教育类招聘职业能力测试讲义题库重点\7.【学习重点】常识题库\科技常识677题答案.pdf"
"231","判断推理精选题目与解析.doc",".doc","0.06","西安高层次人才教育类","职测/行测","答案解析","答案","暂不批量转换，精选后再处理","西安高层次人才教育类\【重点必过】西安高层次人才教育类招聘职业能力测试讲义题库重点\4. 新版《行政职业能力测试》专项重点\判断推理模块\判断推理精选题目与解析.doc","F:\BaiduNetdiskDownload\教学资料\西安高层次人才教育类\【重点必过】西安高层次人才教育类招聘职业能力测试讲义题库重点\4. 新版《行政职业能力测试》专项重点\判断推理模块\判断推理精选题目与解析.doc"
"232","全新行政职业能力题库解析完整版【答案】.pdf",".pdf","3.38","西安高层次人才教育类","职测/行测","答案解析","答案","保留原格式","西安高层次人才教育类\【重点必过】西安高层次人才教育类招聘职业能力测试讲义题库重点\3. 【行政职业能力测试】专用题库（重要）\全新行政职业能力题库解析完整版【答案】.pdf","F:\BaiduNetdiskDownload\教学资料\西安高层次人才教育类\【重点必过】西安高层次人才教育类招聘职业能力测试讲义题库重点\3. 【行政职业能力测试】专用题库（重要）\全新行政职业能力题库解析完整版【答案】.pdf"
"233","数算315题带解析.doc",".doc","0.18","西安高层次人才教育类","职测/行测","答案解析","答案","暂不批量转换，精选后再处理","西安高层次人才教育类\【重点必过】西安高层次人才教育类招聘职业能力测试讲义题库重点\4. 新版《行政职业能力测试》专项重点\数量关系模块\数算315题带解析.doc","F:\BaiduNetdiskDownload\教学资料\西安高层次人才教育类\【重点必过】西安高层次人才教育类招聘职业能力测试讲义题库重点\4. 新版《行政职业能力测试》专项重点\数量关系模块\数算315题带解析.doc"
"234","数学关系、应用题400道详解.doc",".doc","0.55","西安高层次人才教育类","职测/行测","答案解析","答案","暂不批量转换，精选后再处理","西安高层次人才教育类\【重点必过】西安高层次人才教育类招聘职业能力测试讲义题库重点\4. 新版《行政职业能力测试》专项重点\数量关系模块\数学关系、应用题400道详解.doc","F:\BaiduNetdiskDownload\教学资料\西安高层次人才教育类\【重点必过】西安高层次人才教育类招聘职业能力测试讲义题库重点\4. 新版《行政职业能力测试》专项重点\数量关系模块\数学关系、应用题400道详解.doc"
"235","数字推理最新题库180道及详解.doc",".doc","0.07","西安高层次人才教育类","职测/行测","答案解析","答案","暂不批量转换，精选后再处理","西安高层次人才教育类\【重点必过】西安高层次人才教育类招聘职业能力测试讲义题库重点\4. 新版《行政职业能力测试》专项重点\数量关系模块\数字推理最新题库180道及详解.doc","F:\BaiduNetdiskDownload\教学资料\西安高层次人才教育类\【重点必过】西安高层次人才教育类招聘职业能力测试讲义题库重点\4. 新版《行政职业能力测试》专项重点\数量关系模块\数字推理最新题库180道及详解.doc"
"236","新版【行测】必做题库答案解析.pdf",".pdf","4.25","西安高层次人才教育类","职测/行测","答案解析","答案","保留原格式","西安高层次人才教育类\【重点必过】西安高层次人才教育类招聘职业能力测试讲义题库重点\6.【行政职业能力测试】必做100题\新版【行测】必做题库答案解析.pdf","F:\BaiduNetdiskDownload\教学资料\西安高层次人才教育类\【重点必过】西安高层次人才教育类招聘职业能力测试讲义题库重点\6.【行政职业能力测试】必做100题\新版【行测】必做题库答案解析.pdf"
"237","行测：数字推理题725道详解.doc",".doc","0.72","西安高层次人才教育类","职测/行测","答案解析","答案","暂不批量转换，精选后再处理","西安高层次人才教育类\【重点必过】西安高层次人才教育类招聘职业能力测试讲义题库重点\4. 新版《行政职业能力测试》专项重点\数量关系模块\行测：数字推理题725道详解.doc","F:\BaiduNetdiskDownload\教学资料\西安高层次人才教育类\【重点必过】西安高层次人才教育类招聘职业能力测试讲义题库重点\4. 新版《行政职业能力测试》专项重点\数量关系模块\行测：数字推理题725道详解.doc"
"238","行测之言语理解80题（选词填空，有详解）.doc",".doc","0.11","西安高层次人才教育类","职测/行测","答案解析","答案","暂不批量转换，精选后再处理","西安高层次人才教育类\【重点必过】西安高层次人才教育类招聘职业能力测试讲义题库重点\4. 新版《行政职业能力测试》专项重点\言语理解模块\行测之言语理解80题（选词填空，有详解）.doc","F:\BaiduNetdiskDownload\教学资料\西安高层次人才教育类\【重点必过】西安高层次人才教育类招聘职业能力测试讲义题库重点\4. 新版《行政职业能力测试》专项重点\言语理解模块\行测之言语理解80题（选词填空，有详解）.doc"
"239","政治常识155题答案.pdf",".pdf","0.62","西安高层次人才教育类","职测/行测","答案解析","答案","保留原格式","西安高层次人才教育类\【重点必过】西安高层次人才教育类招聘职业能力测试讲义题库重点\7.【学习重点】常识题库\政治常识155题答案.pdf","F:\BaiduNetdiskDownload\教学资料\西安高层次人才教育类\【重点必过】西安高层次人才教育类招聘职业能力测试讲义题库重点\7.【学习重点】常识题库\政治常识155题答案.pdf"
"240","资料分析练习题及解析.doc",".doc","0.18","西安高层次人才教育类","职测/行测","答案解析","答案","暂不批量转换，精选后再处理","西安高层次人才教育类\【重点必过】西安高层次人才教育类招聘职业能力测试讲义题库重点\4. 新版《行政职业能力测试》专项重点\资料分析模块\资料分析练习题及解析.doc","F:\BaiduNetdiskDownload\教学资料\西安高层次人才教育类\【重点必过】西安高层次人才教育类招聘职业能力测试讲义题库重点\4. 新版《行政职业能力测试》专项重点\资料分析模块\资料分析练习题及解析.doc"
"241","教育心理学思维导图.pdf",".pdf","1.58","西安高层次人才教育类","教育心理学","思维导图","待判定","保留原格式","西安高层次人才教育类\【预测题库】西安高层次人才教育类招聘考试教育综合知识复习资料新版\教育学、教育心理学、小三门思维导图\教育心理学思维导图.pdf","F:\BaiduNetdiskDownload\教学资料\西安高层次人才教育类\【预测题库】西安高层次人才教育类招聘考试教育综合知识复习资料新版\教育学、教育心理学、小三门思维导图\教育心理学思维导图.pdf"
"242","教育学 思维导图.pdf",".pdf","1.98","西安高层次人才教育类","教育心理学","思维导图","待判定","保留原格式","西安高层次人才教育类\【预测题库】西安高层次人才教育类招聘考试教育综合知识复习资料新版\教育学、教育心理学、小三门思维导图\教育学 思维导图.pdf","F:\BaiduNetdiskDownload\教学资料\西安高层次人才教育类\【预测题库】西安高层次人才教育类招聘考试教育综合知识复习资料新版\教育学、教育心理学、小三门思维导图\教育学 思维导图.pdf"
"243","普通心理学思维导图.pdf",".pdf","1.19","西安高层次人才教育类","教育心理学","思维导图","待判定","保留原格式","西安高层次人才教育类\【预测题库】西安高层次人才教育类招聘考试教育综合知识复习资料新版\教育学、教育心理学、小三门思维导图\普通心理学思维导图.pdf","F:\BaiduNetdiskDownload\教学资料\西安高层次人才教育类\【预测题库】西安高层次人才教育类招聘考试教育综合知识复习资料新版\教育学、教育心理学、小三门思维导图\普通心理学思维导图.pdf"
"244","小三门思维导图.pdf",".pdf","0.5","西安高层次人才教育类","教育心理学","思维导图","待判定","保留原格式","西安高层次人才教育类\【预测题库】西安高层次人才教育类招聘考试教育综合知识复习资料新版\教育学、教育心理学、小三门思维导图\小三门思维导图.pdf","F:\BaiduNetdiskDownload\教学资料\西安高层次人才教育类\【预测题库】西安高层次人才教育类招聘考试教育综合知识复习资料新版\教育学、教育心理学、小三门思维导图\小三门思维导图.pdf"
"245","全新版教师招聘——教育综合思维导图.pdf",".pdf","3.07","西安高层次人才教育类","教育综合","思维导图","待判定","保留原格式","西安高层次人才教育类\【预测题库】西安高层次人才教育类招聘考试教育综合知识复习资料新版\全新版教师招聘——教育综合思维导图.pdf","F:\BaiduNetdiskDownload\教学资料\西安高层次人才教育类\【预测题库】西安高层次人才教育类招聘考试教育综合知识复习资料新版\全新版教师招聘——教育综合思维导图.pdf"
"246","【新版】职测梳理笔记75页【独家整理 谢绝外传】.pdf",".pdf","2.24","西安高层次人才教育类","职测/行测","题库练习","待判定","保留原格式","西安高层次人才教育类\【重点必过】西安高层次人才教育类招聘职业能力测试讲义题库重点\0.《重点冲刺复习》【职测讲义专项】必过常考知识点讲义\【新版】职测梳理笔记75页【独家整理 谢绝外传】.pdf","F:\BaiduNetdiskDownload\教学资料\西安高层次人才教育类\【重点必过】西安高层次人才教育类招聘职业能力测试讲义题库重点\0.《重点冲刺复习》【职测讲义专项】必过常考知识点讲义\【新版】职测梳理笔记75页【独家整理 谢绝外传】.pdf"
"247","500个词组辨析，看后做言语理解如吃豆腐.doc",".doc","0.08","西安高层次人才教育类","职测/行测","题库练习","待判定","暂不批量转换，精选后再处理","西安高层次人才教育类\【重点必过】西安高层次人才教育类招聘职业能力测试讲义题库重点\4. 新版《行政职业能力测试》专项重点\言语理解模块\500个词组辨析，看后做言语理解如吃豆腐.doc","F:\BaiduNetdiskDownload\教学资料\西安高层次人才教育类\【重点必过】西安高层次人才教育类招聘职业能力测试讲义题库重点\4. 新版《行政职业能力测试》专项重点\言语理解模块\500个词组辨析，看后做言语理解如吃豆腐.doc"
"248","病句训练大集合（108题）.doc",".doc","0.15","西安高层次人才教育类","职测/行测","题库练习","待判定","暂不批量转换，精选后再处理","西安高层次人才教育类\【重点必过】西安高层次人才教育类招聘职业能力测试讲义题库重点\4. 新版《行政职业能力测试》专项重点\言语理解模块\病句训练大集合（108题）.doc","F:\BaiduNetdiskDownload\教学资料\西安高层次人才教育类\【重点必过】西安高层次人才教育类招聘职业能力测试讲义题库重点\4. 新版《行政职业能力测试》专项重点\言语理解模块\病句训练大集合（108题）.doc"
"249","病句专项备考大全.doc",".doc","0.34","西安高层次人才教育类","职测/行测","题库练习","待判定","暂不批量转换，精选后再处理","西安高层次人才教育类\【重点必过】西安高层次人才教育类招聘职业能力测试讲义题库重点\4. 新版《行政职业能力测试》专项重点\言语理解模块\病句专项备考大全.doc","F:\BaiduNetdiskDownload\教学资料\西安高层次人才教育类\【重点必过】西安高层次人才教育类招聘职业能力测试讲义题库重点\4. 新版《行政职业能力测试》专项重点\言语理解模块\病句专项备考大全.doc"
"250","常识判断考前30分.pdf",".pdf","0.29","西安高层次人才教育类","职测/行测","题库练习","待判定","保留原格式","西安高层次人才教育类\【重点必过】西安高层次人才教育类招聘职业能力测试讲义题库重点\0.《重点冲刺复习》【职测讲义专项】必过常考知识点讲义\【新版名校行测讲义】考前30分\常识判断考前30分.pdf","F:\BaiduNetdiskDownload\教学资料\西安高层次人才教育类\【重点必过】西安高层次人才教育类招聘职业能力测试讲义题库重点\0.《重点冲刺复习》【职测讲义专项】必过常考知识点讲义\【新版名校行测讲义】考前30分\常识判断考前30分.pdf"
"251","常识判断全真模拟90题.pdf",".pdf","6.91","西安高层次人才教育类","职测/行测","题库练习","待判定","保留原格式","西安高层次人才教育类\【重点必过】西安高层次人才教育类招聘职业能力测试讲义题库重点\4. 新版《行政职业能力测试》专项重点\常识判断模块\常识判断全真模拟90题.pdf","F:\BaiduNetdiskDownload\教学资料\西安高层次人才教育类\【重点必过】西安高层次人才教育类招聘职业能力测试讲义题库重点\4. 新版《行政职业能力测试》专项重点\常识判断模块\常识判断全真模拟90题.pdf"
"252","超经典图形100道.doc",".doc","1.63","西安高层次人才教育类","职测/行测","题库练习","待判定","暂不批量转换，精选后再处理","西安高层次人才教育类\【重点必过】西安高层次人才教育类招聘职业能力测试讲义题库重点\4. 新版《行政职业能力测试》专项重点\判断推理模块\超经典图形100道.doc","F:\BaiduNetdiskDownload\教学资料\西安高层次人才教育类\【重点必过】西安高层次人才教育类招聘职业能力测试讲义题库重点\4. 新版《行政职业能力测试》专项重点\判断推理模块\超经典图形100道.doc"
"253","成语使用错误分析175例.doc",".doc","0.08","西安高层次人才教育类","职测/行测","题库练习","待判定","暂不批量转换，精选后再处理","西安高层次人才教育类\【重点必过】西安高层次人才教育类招聘职业能力测试讲义题库重点\4. 新版《行政职业能力测试》专项重点\言语理解模块\成语使用错误分析175例.doc","F:\BaiduNetdiskDownload\教学资料\西安高层次人才教育类\【重点必过】西安高层次人才教育类招聘职业能力测试讲义题库重点\4. 新版《行政职业能力测试》专项重点\言语理解模块\成语使用错误分析175例.doc"
"254","词语辨析456组.doc",".doc","0.15","西安高层次人才教育类","职测/行测","题库练习","待判定","暂不批量转换，精选后再处理","西安高层次人才教育类\【重点必过】西安高层次人才教育类招聘职业能力测试讲义题库重点\4. 新版《行政职业能力测试》专项重点\言语理解模块\词语辨析456组.doc","F:\BaiduNetdiskDownload\教学资料\西安高层次人才教育类\【重点必过】西安高层次人才教育类招聘职业能力测试讲义题库重点\4. 新版《行政职业能力测试》专项重点\言语理解模块\词语辨析456组.doc"
"255","地理国情330题.pdf",".pdf","1.04","西安高层次人才教育类","职测/行测","题库练习","待判定","保留原格式","西安高层次人才教育类\【重点必过】西安高层次人才教育类招聘职业能力测试讲义题库重点\7.【学习重点】常识题库\地理国情330题.pdf","F:\BaiduNetdiskDownload\教学资料\西安高层次人才教育类\【重点必过】西安高层次人才教育类招聘职业能力测试讲义题库重点\7.【学习重点】常识题库\地理国情330题.pdf"
"256","定义判断专项训练之二.doc",".doc","0.03","西安高层次人才教育类","职测/行测","题库练习","待判定","暂不批量转换，精选后再处理","西安高层次人才教育类\【重点必过】西安高层次人才教育类招聘职业能力测试讲义题库重点\4. 新版《行政职业能力测试》专项重点\判断推理模块\定义判断专项训练90题\定义判断专项训练之二.doc","F:\BaiduNetdiskDownload\教学资料\西安高层次人才教育类\【重点必过】西安高层次人才教育类招聘职业能力测试讲义题库重点\4. 新版《行政职业能力测试》专项重点\判断推理模块\定义判断专项训练90题\定义判断专项训练之二.doc"
"257","定义判断专项训练之三.doc",".doc","0.03","西安高层次人才教育类","职测/行测","题库练习","待判定","暂不批量转换，精选后再处理","西安高层次人才教育类\【重点必过】西安高层次人才教育类招聘职业能力测试讲义题库重点\4. 新版《行政职业能力测试》专项重点\判断推理模块\定义判断专项训练90题\定义判断专项训练之三.doc","F:\BaiduNetdiskDownload\教学资料\西安高层次人才教育类\【重点必过】西安高层次人才教育类招聘职业能力测试讲义题库重点\4. 新版《行政职业能力测试》专项重点\判断推理模块\定义判断专项训练90题\定义判断专项训练之三.doc"
"258","定义判断专项训练之一.doc",".doc","0.03","西安高层次人才教育类","职测/行测","题库练习","待判定","暂不批量转换，精选后再处理","西安高层次人才教育类\【重点必过】西安高层次人才教育类招聘职业能力测试讲义题库重点\4. 新版《行政职业能力测试》专项重点\判断推理模块\定义判断专项训练90题\定义判断专项训练之一.doc","F:\BaiduNetdiskDownload\教学资料\西安高层次人才教育类\【重点必过】西安高层次人才教育类招聘职业能力测试讲义题库重点\4. 新版《行政职业能力测试》专项重点\判断推理模块\定义判断专项训练90题\定义判断专项训练之一.doc"
"259","法律常识515题.pdf",".pdf","0.68","西安高层次人才教育类","职测/行测","题库练习","待判定","保留原格式","西安高层次人才教育类\【重点必过】西安高层次人才教育类招聘职业能力测试讲义题库重点\7.【学习重点】常识题库\法律常识515题.pdf","F:\BaiduNetdiskDownload\教学资料\西安高层次人才教育类\【重点必过】西安高层次人才教育类招聘职业能力测试讲义题库重点\7.【学习重点】常识题库\法律常识515题.pdf"
"260","经济常识172题.pdf",".pdf","0.48","西安高层次人才教育类","职测/行测","题库练习","待判定","保留原格式","西安高层次人才教育类\【重点必过】西安高层次人才教育类招聘职业能力测试讲义题库重点\7.【学习重点】常识题库\经济常识172题.pdf","F:\BaiduNetdiskDownload\教学资料\西安高层次人才教育类\【重点必过】西安高层次人才教育类招聘职业能力测试讲义题库重点\7.【学习重点】常识题库\经济常识172题.pdf"
"261","科技常识677题.pdf",".pdf","1.48","西安高层次人才教育类","职测/行测","题库练习","待判定","保留原格式","西安高层次人才教育类\【重点必过】西安高层次人才教育类招聘职业能力测试讲义题库重点\7.【学习重点】常识题库\科技常识677题.pdf","F:\BaiduNetdiskDownload\教学资料\西安高层次人才教育类\【重点必过】西安高层次人才教育类招聘职业能力测试讲义题库重点\7.【学习重点】常识题库\科技常识677题.pdf"
"262","类比推理90题.doc",".doc","0.1","西安高层次人才教育类","职测/行测","题库练习","待判定","暂不批量转换，精选后再处理","西安高层次人才教育类\【重点必过】西安高层次人才教育类招聘职业能力测试讲义题库重点\4. 新版《行政职业能力测试》专项重点\判断推理模块\类比推理90题.doc","F:\BaiduNetdiskDownload\教学资料\西安高层次人才教育类\【重点必过】西安高层次人才教育类招聘职业能力测试讲义题库重点\4. 新版《行政职业能力测试》专项重点\判断推理模块\类比推理90题.doc"
"263","逻辑解题十八套路 .doc",".doc","0.16","西安高层次人才教育类","职测/行测","题库练习","待判定","暂不批量转换，精选后再处理","西安高层次人才教育类\【重点必过】西安高层次人才教育类招聘职业能力测试讲义题库重点\4. 新版《行政职业能力测试》专项重点\判断推理模块\逻辑解题十八套路 .doc","F:\BaiduNetdiskDownload\教学资料\西安高层次人才教育类\【重点必过】西安高层次人才教育类招聘职业能力测试讲义题库重点\4. 新版《行政职业能力测试》专项重点\判断推理模块\逻辑解题十八套路 .doc"
"264","判断推理考前30分.pdf",".pdf","0.75","西安高层次人才教育类","职测/行测","题库练习","待判定","保留原格式","西安高层次人才教育类\【重点必过】西安高层次人才教育类招聘职业能力测试讲义题库重点\0.《重点冲刺复习》【职测讲义专项】必过常考知识点讲义\【新版名校行测讲义】考前30分\判断推理考前30分.pdf","F:\BaiduNetdiskDownload\教学资料\西安高层次人才教育类\【重点必过】西安高层次人才教育类招聘职业能力测试讲义题库重点\0.《重点冲刺复习》【职测讲义专项】必过常考知识点讲义\【新版名校行测讲义】考前30分\判断推理考前30分.pdf"
"265","全新行政职业能力题库完整版.pdf",".pdf","12.36","西安高层次人才教育类","职测/行测","题库练习","待判定","保留原格式","西安高层次人才教育类\【重点必过】西安高层次人才教育类招聘职业能力测试讲义题库重点\3. 【行政职业能力测试】专用题库（重要）\全新行政职业能力题库完整版.pdf","F:\BaiduNetdiskDownload\教学资料\西安高层次人才教育类\【重点必过】西安高层次人才教育类招聘职业能力测试讲义题库重点\3. 【行政职业能力测试】专用题库（重要）\全新行政职业能力题库完整版.pdf"
"266","数量资料考前30分.pdf",".pdf","1.14","西安高层次人才教育类","职测/行测","题库练习","待判定","保留原格式","西安高层次人才教育类\【重点必过】西安高层次人才教育类招聘职业能力测试讲义题库重点\0.《重点冲刺复习》【职测讲义专项】必过常考知识点讲义\【新版名校行测讲义】考前30分\数量资料考前30分.pdf","F:\BaiduNetdiskDownload\教学资料\西安高层次人才教育类\【重点必过】西安高层次人才教育类招聘职业能力测试讲义题库重点\0.《重点冲刺复习》【职测讲义专项】必过常考知识点讲义\【新版名校行测讲义】考前30分\数量资料考前30分.pdf"
"267","图形推理各类型题目精讲.doc",".doc","0.23","西安高层次人才教育类","职测/行测","题库练习","待判定","暂不批量转换，精选后再处理","西安高层次人才教育类\【重点必过】西安高层次人才教育类招聘职业能力测试讲义题库重点\4. 新版《行政职业能力测试》专项重点\判断推理模块\图形推理各类型题目精讲.doc","F:\BaiduNetdiskDownload\教学资料\西安高层次人才教育类\【重点必过】西安高层次人才教育类招聘职业能力测试讲义题库重点\4. 新版《行政职业能力测试》专项重点\判断推理模块\图形推理各类型题目精讲.doc"
"268","新版【行测】必做题库.pdf",".pdf","16.84","西安高层次人才教育类","职测/行测","题库练习","待判定","保留原格式","西安高层次人才教育类\【重点必过】西安高层次人才教育类招聘职业能力测试讲义题库重点\6.【行政职业能力测试】必做100题\新版【行测】必做题库.pdf","F:\BaiduNetdiskDownload\教学资料\西安高层次人才教育类\【重点必过】西安高层次人才教育类招聘职业能力测试讲义题库重点\6.【行政职业能力测试】必做100题\新版【行测】必做题库.pdf"
"269","新版常识判断+150题.pdf",".pdf","10.78","西安高层次人才教育类","职测/行测","题库练习","待判定","保留原格式","西安高层次人才教育类\【重点必过】西安高层次人才教育类招聘职业能力测试讲义题库重点\1.全真题库《行政职业能力测试》\新版常识判断+150题.pdf","F:\BaiduNetdiskDownload\教学资料\西安高层次人才教育类\【重点必过】西安高层次人才教育类招聘职业能力测试讲义题库重点\1.全真题库《行政职业能力测试》\新版常识判断+150题.pdf"
"270","新版考试·职测高频考点讲义集锦.pdf",".pdf","2.82","西安高层次人才教育类","职测/行测","题库练习","待判定","保留原格式","西安高层次人才教育类\【重点必过】西安高层次人才教育类招聘职业能力测试讲义题库重点\0.《重点冲刺复习》【职测讲义专项】必过常考知识点讲义\【全新讲义】职测高频考点集锦\新版考试·职测高频考点讲义集锦.pdf","F:\BaiduNetdiskDownload\教学资料\西安高层次人才教育类\【重点必过】西安高层次人才教育类招聘职业能力测试讲义题库重点\0.《重点冲刺复习》【职测讲义专项】必过常考知识点讲义\【全新讲义】职测高频考点集锦\新版考试·职测高频考点讲义集锦.pdf"
"271","新版-判断高频必做100题.pdf",".pdf","4.36","西安高层次人才教育类","职测/行测","题库练习","待判定","保留原格式","西安高层次人才教育类\【重点必过】西安高层次人才教育类招聘职业能力测试讲义题库重点\6.【行政职业能力测试】必做100题\新版-判断高频必做100题.pdf","F:\BaiduNetdiskDownload\教学资料\西安高层次人才教育类\【重点必过】西安高层次人才教育类招聘职业能力测试讲义题库重点\6.【行政职业能力测试】必做100题\新版-判断高频必做100题.pdf"
"272","新版判断推理+150道.pdf",".pdf","2.69","西安高层次人才教育类","职测/行测","题库练习","待判定","保留原格式","西安高层次人才教育类\【重点必过】西安高层次人才教育类招聘职业能力测试讲义题库重点\1.全真题库《行政职业能力测试》\新版判断推理+150道.pdf","F:\BaiduNetdiskDownload\教学资料\西安高层次人才教育类\【重点必过】西安高层次人才教育类招聘职业能力测试讲义题库重点\1.全真题库《行政职业能力测试》\新版判断推理+150道.pdf"
"273","新版-数量高频必做100题.pdf",".pdf","2.13","西安高层次人才教育类","职测/行测","题库练习","待判定","保留原格式","西安高层次人才教育类\【重点必过】西安高层次人才教育类招聘职业能力测试讲义题库重点\6.【行政职业能力测试】必做100题\新版-数量高频必做100题.pdf","F:\BaiduNetdiskDownload\教学资料\西安高层次人才教育类\【重点必过】西安高层次人才教育类招聘职业能力测试讲义题库重点\6.【行政职业能力测试】必做100题\新版-数量高频必做100题.pdf"
"274","新版数量关系+150题.pdf",".pdf","1.97","西安高层次人才教育类","职测/行测","题库练习","待判定","保留原格式","西安高层次人才教育类\【重点必过】西安高层次人才教育类招聘职业能力测试讲义题库重点\1.全真题库《行政职业能力测试》\新版数量关系+150题.pdf","F:\BaiduNetdiskDownload\教学资料\西安高层次人才教育类\【重点必过】西安高层次人才教育类招聘职业能力测试讲义题库重点\1.全真题库《行政职业能力测试》\新版数量关系+150题.pdf"
"275","新版-言语高频必做100题.pdf",".pdf","1.44","西安高层次人才教育类","职测/行测","题库练习","待判定","保留原格式","西安高层次人才教育类\【重点必过】西安高层次人才教育类招聘职业能力测试讲义题库重点\6.【行政职业能力测试】必做100题\新版-言语高频必做100题.pdf","F:\BaiduNetdiskDownload\教学资料\西安高层次人才教育类\【重点必过】西安高层次人才教育类招聘职业能力测试讲义题库重点\6.【行政职业能力测试】必做100题\新版-言语高频必做100题.pdf"
"276","新版言语理解与表达+150题.pdf",".pdf","18.88","西安高层次人才教育类","职测/行测","题库练习","待判定","保留原格式","西安高层次人才教育类\【重点必过】西安高层次人才教育类招聘职业能力测试讲义题库重点\1.全真题库《行政职业能力测试》\新版言语理解与表达+150题.pdf","F:\BaiduNetdiskDownload\教学资料\西安高层次人才教育类\【重点必过】西安高层次人才教育类招聘职业能力测试讲义题库重点\1.全真题库《行政职业能力测试》\新版言语理解与表达+150题.pdf"
"277","新版资料分析+150题.pdf",".pdf","3.38","西安高层次人才教育类","职测/行测","题库练习","待判定","保留原格式","西安高层次人才教育类\【重点必过】西安高层次人才教育类招聘职业能力测试讲义题库重点\1.全真题库《行政职业能力测试》\新版资料分析+150题.pdf","F:\BaiduNetdiskDownload\教学资料\西安高层次人才教育类\【重点必过】西安高层次人才教育类招聘职业能力测试讲义题库重点\1.全真题库《行政职业能力测试》\新版资料分析+150题.pdf"
"278","新版-资料高频必做100题.pdf",".pdf","6.34","西安高层次人才教育类","职测/行测","题库练习","待判定","保留原格式","西安高层次人才教育类\【重点必过】西安高层次人才教育类招聘职业能力测试讲义题库重点\6.【行政职业能力测试】必做100题\新版-资料高频必做100题.pdf","F:\BaiduNetdiskDownload\教学资料\西安高层次人才教育类\【重点必过】西安高层次人才教育类招聘职业能力测试讲义题库重点\6.【行政职业能力测试】必做100题\新版-资料高频必做100题.pdf"
"279","行测数学关系经典题型总结.doc",".doc","0.13","西安高层次人才教育类","职测/行测","题库练习","待判定","暂不批量转换，精选后再处理","西安高层次人才教育类\【重点必过】西安高层次人才教育类招聘职业能力测试讲义题库重点\4. 新版《行政职业能力测试》专项重点\数量关系模块\行测数学关系经典题型总结.doc","F:\BaiduNetdiskDownload\教学资料\西安高层次人才教育类\【重点必过】西安高层次人才教育类招聘职业能力测试讲义题库重点\4. 新版《行政职业能力测试》专项重点\数量关系模块\行测数学关系经典题型总结.doc"
"280","行测-资料分析计算技巧点拨.doc",".doc","0.26","西安高层次人才教育类","职测/行测","题库练习","待判定","暂不批量转换，精选后再处理","西安高层次人才教育类\【重点必过】西安高层次人才教育类招聘职业能力测试讲义题库重点\4. 新版《行政职业能力测试》专项重点\资料分析模块\行测-资料分析计算技巧点拨.doc","F:\BaiduNetdiskDownload\教学资料\西安高层次人才教育类\【重点必过】西安高层次人才教育类招聘职业能力测试讲义题库重点\4. 新版《行政职业能力测试》专项重点\资料分析模块\行测-资料分析计算技巧点拨.doc"
"281","行政能力测试—典型例题试题本分析.doc",".doc","0.62","西安高层次人才教育类","职测/行测","题库练习","待判定","暂不批量转换，精选后再处理","西安高层次人才教育类\【重点必过】西安高层次人才教育类招聘职业能力测试讲义题库重点\4. 新版《行政职业能力测试》专项重点\数量关系模块\行政能力测试—典型例题试题本分析.doc","F:\BaiduNetdiskDownload\教学资料\西安高层次人才教育类\【重点必过】西安高层次人才教育类招聘职业能力测试讲义题库重点\4. 新版《行政职业能力测试》专项重点\数量关系模块\行政能力测试—典型例题试题本分析.doc"
"282","行政职业能力测验高分突破秘籍.pdf",".pdf","1.28","西安高层次人才教育类","职测/行测","题库练习","待判定","保留原格式","西安高层次人才教育类\【重点必过】西安高层次人才教育类招聘职业能力测试讲义题库重点\2. 《行政职业能力测试》高频考点（重要）\行政职业能力测验高分突破秘籍.pdf","F:\BaiduNetdiskDownload\教学资料\西安高层次人才教育类\【重点必过】西安高层次人才教育类招聘职业能力测试讲义题库重点\2. 《行政职业能力测试》高频考点（重要）\行政职业能力测验高分突破秘籍.pdf"
"283","行政职业能力测验核心考点.pdf",".pdf","1.29","西安高层次人才教育类","职测/行测","题库练习","待判定","保留原格式","西安高层次人才教育类\【重点必过】西安高层次人才教育类招聘职业能力测试讲义题库重点\2. 《行政职业能力测试》高频考点（重要）\行政职业能力测验核心考点.pdf","F:\BaiduNetdiskDownload\教学资料\西安高层次人才教育类\【重点必过】西安高层次人才教育类招聘职业能力测试讲义题库重点\2. 《行政职业能力测试》高频考点（重要）\行政职业能力测验核心考点.pdf"
"284","选词填空（230题）.doc",".doc","0.37","西安高层次人才教育类","职测/行测","题库练习","待判定","暂不批量转换，精选后再处理","西安高层次人才教育类\【重点必过】西安高层次人才教育类招聘职业能力测试讲义题库重点\4. 新版《行政职业能力测试》专项重点\言语理解模块\选词填空（230题）.doc","F:\BaiduNetdiskDownload\教学资料\西安高层次人才教育类\【重点必过】西安高层次人才教育类招聘职业能力测试讲义题库重点\4. 新版《行政职业能力测试》专项重点\言语理解模块\选词填空（230题）.doc"
"285","选词填空大全.doc",".doc","0.2","西安高层次人才教育类","职测/行测","题库练习","待判定","暂不批量转换，精选后再处理","西安高层次人才教育类\【重点必过】西安高层次人才教育类招聘职业能力测试讲义题库重点\4. 新版《行政职业能力测试》专项重点\言语理解模块\选词填空大全.doc","F:\BaiduNetdiskDownload\教学资料\西安高层次人才教育类\【重点必过】西安高层次人才教育类招聘职业能力测试讲义题库重点\4. 新版《行政职业能力测试》专项重点\言语理解模块\选词填空大全.doc"
"286","言语 判断 三色笔记44页.pdf",".pdf","1.9","西安高层次人才教育类","职测/行测","题库练习","待判定","保留原格式","西安高层次人才教育类\【重点必过】西安高层次人才教育类招聘职业能力测试讲义题库重点\0.《重点冲刺复习》【职测讲义专项】必过常考知识点讲义\【新版讲义行测】职测三色笔记\言语 判断 三色笔记44页.pdf","F:\BaiduNetdiskDownload\教学资料\西安高层次人才教育类\【重点必过】西安高层次人才教育类招聘职业能力测试讲义题库重点\0.《重点冲刺复习》【职测讲义专项】必过常考知识点讲义\【新版讲义行测】职测三色笔记\言语 判断 三色笔记44页.pdf"
"287","言语 判断 三色笔记讲义44页.pdf",".pdf","1.9","西安高层次人才教育类","职测/行测","题库练习","待判定","保留原格式","西安高层次人才教育类\【重点必过】西安高层次人才教育类招聘职业能力测试讲义题库重点\0.《重点冲刺复习》【职测讲义专项】必过常考知识点讲义\【新版讲义行测】职测三色笔记\言语 判断 三色笔记讲义44页.pdf","F:\BaiduNetdiskDownload\教学资料\西安高层次人才教育类\【重点必过】西安高层次人才教育类招聘职业能力测试讲义题库重点\0.《重点冲刺复习》【职测讲义专项】必过常考知识点讲义\【新版讲义行测】职测三色笔记\言语 判断 三色笔记讲义44页.pdf"
"288","言语理解考前30分.pdf",".pdf","0.24","西安高层次人才教育类","职测/行测","题库练习","待判定","保留原格式","西安高层次人才教育类\【重点必过】西安高层次人才教育类招聘职业能力测试讲义题库重点\0.《重点冲刺复习》【职测讲义专项】必过常考知识点讲义\【新版名校行测讲义】考前30分\言语理解考前30分.pdf","F:\BaiduNetdiskDownload\教学资料\西安高层次人才教育类\【重点必过】西安高层次人才教育类招聘职业能力测试讲义题库重点\0.《重点冲刺复习》【职测讲义专项】必过常考知识点讲义\【新版名校行测讲义】考前30分\言语理解考前30分.pdf"
"289","政治常识155题试题.pdf",".pdf","0.47","西安高层次人才教育类","职测/行测","题库练习","待判定","保留原格式","西安高层次人才教育类\【重点必过】西安高层次人才教育类招聘职业能力测试讲义题库重点\7.【学习重点】常识题库\政治常识155题试题.pdf","F:\BaiduNetdiskDownload\教学资料\西安高层次人才教育类\【重点必过】西安高层次人才教育类招聘职业能力测试讲义题库重点\7.【学习重点】常识题库\政治常识155题试题.pdf"
"290","职测必备考点.pdf",".pdf","3.12","西安高层次人才教育类","职测/行测","题库练习","待判定","保留原格式","西安高层次人才教育类\【重点必过】西安高层次人才教育类招聘职业能力测试讲义题库重点\0.《重点冲刺复习》【职测讲义专项】必过常考知识点讲义\【全新名校讲义】职测必备考点\职测必备考点.pdf","F:\BaiduNetdiskDownload\教学资料\西安高层次人才教育类\【重点必过】西安高层次人才教育类招聘职业能力测试讲义题库重点\0.《重点冲刺复习》【职测讲义专项】必过常考知识点讲义\【全新名校讲义】职测必备考点\职测必备考点.pdf"
"291","资料 数量 三色笔记53页.pdf",".pdf","3.63","西安高层次人才教育类","职测/行测","题库练习","待判定","保留原格式","西安高层次人才教育类\【重点必过】西安高层次人才教育类招聘职业能力测试讲义题库重点\0.《重点冲刺复习》【职测讲义专项】必过常考知识点讲义\【新版讲义行测】职测三色笔记\资料 数量 三色笔记53页.pdf","F:\BaiduNetdiskDownload\教学资料\西安高层次人才教育类\【重点必过】西安高层次人才教育类招聘职业能力测试讲义题库重点\0.《重点冲刺复习》【职测讲义专项】必过常考知识点讲义\【新版讲义行测】职测三色笔记\资料 数量 三色笔记53页.pdf"
"292","资料 数量 三色笔记讲义53页.pdf",".pdf","3.63","西安高层次人才教育类","职测/行测","题库练习","待判定","保留原格式","西安高层次人才教育类\【重点必过】西安高层次人才教育类招聘职业能力测试讲义题库重点\0.《重点冲刺复习》【职测讲义专项】必过常考知识点讲义\【新版讲义行测】职测三色笔记\资料 数量 三色笔记讲义53页.pdf","F:\BaiduNetdiskDownload\教学资料\西安高层次人才教育类\【重点必过】西安高层次人才教育类招聘职业能力测试讲义题库重点\0.《重点冲刺复习》【职测讲义专项】必过常考知识点讲义\【新版讲义行测】职测三色笔记\资料 数量 三色笔记讲义53页.pdf"
"293","资料分析全攻略.doc",".doc","0.33","西安高层次人才教育类","职测/行测","题库练习","待判定","暂不批量转换，精选后再处理","西安高层次人才教育类\【重点必过】西安高层次人才教育类招聘职业能力测试讲义题库重点\4. 新版《行政职业能力测试》专项重点\资料分析模块\资料分析全攻略.doc","F:\BaiduNetdiskDownload\教学资料\西安高层次人才教育类\【重点必过】西安高层次人才教育类招聘职业能力测试讲义题库重点\4. 新版《行政职业能力测试》专项重点\资料分析模块\资料分析全攻略.doc"
"294","资料分析四大速算技巧.doc",".doc","0.02","西安高层次人才教育类","职测/行测","题库练习","待判定","暂不批量转换，精选后再处理","西安高层次人才教育类\【重点必过】西安高层次人才教育类招聘职业能力测试讲义题库重点\4. 新版《行政职业能力测试》专项重点\资料分析模块\资料分析四大速算技巧.doc","F:\BaiduNetdiskDownload\教学资料\西安高层次人才教育类\【重点必过】西安高层次人才教育类招聘职业能力测试讲义题库重点\4. 新版《行政职业能力测试》专项重点\资料分析模块\资料分析四大速算技巧.doc"
"295","资料分析习题大全.doc",".doc","1.91","西安高层次人才教育类","职测/行测","题库练习","待判定","暂不批量转换，精选后再处理","西安高层次人才教育类\【重点必过】西安高层次人才教育类招聘职业能力测试讲义题库重点\4. 新版《行政职业能力测试》专项重点\资料分析模块\资料分析习题大全.doc","F:\BaiduNetdiskDownload\教学资料\西安高层次人才教育类\【重点必过】西安高层次人才教育类招聘职业能力测试讲义题库重点\4. 新版《行政职业能力测试》专项重点\资料分析模块\资料分析习题大全.doc"
"296","综合知识考前30分.pdf",".pdf","0.22","西安高层次人才教育类","职测/行测","题库练习","待判定","保留原格式","西安高层次人才教育类\【重点必过】西安高层次人才教育类招聘职业能力测试讲义题库重点\0.《重点冲刺复习》【职测讲义专项】必过常考知识点讲义\【新版名校行测讲义】考前30分\综合知识考前30分.pdf","F:\BaiduNetdiskDownload\教学资料\西安高层次人才教育类\【重点必过】西安高层次人才教育类招聘职业能力测试讲义题库重点\0.《重点冲刺复习》【职测讲义专项】必过常考知识点讲义\【新版名校行测讲义】考前30分\综合知识考前30分.pdf"
"297","新版教师职业道德.pdf",".pdf","1.16","教基教综","教师职业道德","讲义笔记","核心","建议建立摘录索引，必要时提取文字","教基教综\【01】学霸精美笔记\新版教师职业道德.pdf","F:\BaiduNetdiskDownload\教学资料\教基教综\【01】学霸精美笔记\新版教师职业道德.pdf"
"298","新版法学.pdf",".pdf","3.32","教基教综","教育法律法规","讲义笔记","核心","建议建立摘录索引，必要时提取文字","教基教综\【01】学霸精美笔记\新版法学.pdf","F:\BaiduNetdiskDownload\教学资料\教基教综\【01】学霸精美笔记\新版法学.pdf"
"299","新版教育心理学.pdf",".pdf","3.64","教基教综","教育心理学","讲义笔记","核心","建议建立摘录索引，必要时提取文字","教基教综\【01】学霸精美笔记\新版教育心理学.pdf","F:\BaiduNetdiskDownload\教学资料\教基教综\【01】学霸精美笔记\新版教育心理学.pdf"
"300","教育心理学 .pdf",".pdf","5.35","教基教综","教育心理学","思维导图","核心","建议建立摘录索引，必要时提取文字","教基教综\【03】思维导图\教育心理学 .pdf","F:\BaiduNetdiskDownload\教学资料\教基教综\【03】思维导图\教育心理学 .pdf"
"301","新版教育学.pdf",".pdf","4.35","教基教综","教育学","讲义笔记","核心","建议建立摘录索引，必要时提取文字","教基教综\【01】学霸精美笔记\新版教育学.pdf","F:\BaiduNetdiskDownload\教学资料\教基教综\【01】学霸精美笔记\新版教育学.pdf"
"302","教育学+新课改+教师职业道德 .pdf",".pdf","8.17","教基教综","教育学","思维导图","核心","建议建立摘录索引，必要时提取文字","教基教综\【03】思维导图\教育学+新课改+教师职业道德 .pdf","F:\BaiduNetdiskDownload\教学资料\教基教综\【03】思维导图\教育学+新课改+教师职业道德 .pdf"
"303","新版心理学.pdf",".pdf","1.82","教基教综","心理学","讲义笔记","核心","建议建立摘录索引，必要时提取文字","教基教综\【01】学霸精美笔记\新版心理学.pdf","F:\BaiduNetdiskDownload\教学资料\教基教综\【01】学霸精美笔记\新版心理学.pdf"
"304","心理学 .pdf",".pdf","2.52","教基教综","心理学","思维导图","核心","建议建立摘录索引，必要时提取文字","教基教综\【03】思维导图\心理学 .pdf","F:\BaiduNetdiskDownload\教学资料\教基教综\【03】思维导图\心理学 .pdf"
"305","2020年西安高层次人才教育类招聘考试真题及答案解析.pdf",".pdf","0.21","西安高层次人才教育类","待判定","真题","核心","建议建立摘录索引，必要时提取文字","西安高层次人才教育类\【真题】西安高层次人才招聘考试考生回忆版真题（可能答案有错）\2020年西安高层次人才教育类招聘考试真题及答案解析.pdf","F:\BaiduNetdiskDownload\教学资料\西安高层次人才教育类\【真题】西安高层次人才招聘考试考生回忆版真题（可能答案有错）\2020年西安高层次人才教育类招聘考试真题及答案解析.pdf"
"306","2021年西安高层次人才教育类招聘考试真题及答案解析.pdf",".pdf","0.2","西安高层次人才教育类","待判定","真题","核心","建议建立摘录索引，必要时提取文字","西安高层次人才教育类\【真题】西安高层次人才招聘考试考生回忆版真题（可能答案有错）\2021年西安高层次人才教育类招聘考试真题及答案解析.pdf","F:\BaiduNetdiskDownload\教学资料\西安高层次人才教育类\【真题】西安高层次人才招聘考试考生回忆版真题（可能答案有错）\2021年西安高层次人才教育类招聘考试真题及答案解析.pdf"
"307","2022年西安高层次人才教育类招聘考试真题及答案解析.pdf",".pdf","0.23","西安高层次人才教育类","待判定","真题","核心","建议建立摘录索引，必要时提取文字","西安高层次人才教育类\【真题】西安高层次人才招聘考试考生回忆版真题（可能答案有错）\2022年西安高层次人才教育类招聘考试真题及答案解析.pdf","F:\BaiduNetdiskDownload\教学资料\西安高层次人才教育类\【真题】西安高层次人才招聘考试考生回忆版真题（可能答案有错）\2022年西安高层次人才教育类招聘考试真题及答案解析.pdf"
"308","2023年西安高层次人才教育类招聘考试真题及答案解析.pdf",".pdf","0.22","西安高层次人才教育类","待判定","真题","核心","建议建立摘录索引，必要时提取文字","西安高层次人才教育类\【真题】西安高层次人才招聘考试考生回忆版真题（可能答案有错）\2023年西安高层次人才教育类招聘考试真题及答案解析.pdf","F:\BaiduNetdiskDownload\教学资料\西安高层次人才教育类\【真题】西安高层次人才招聘考试考生回忆版真题（可能答案有错）\2023年西安高层次人才教育类招聘考试真题及答案解析.pdf"
"309","2024年西安高层次教师招聘笔试真题回忆版.docx",".docx","0.02","西安高层次人才教育类","待判定","真题","核心","建议后续转为Markdown/可编辑笔记","西安高层次人才教育类\【真题】西安高层次人才招聘考试考生回忆版真题（可能答案有错）\2024年西安高层次教师招聘笔试真题回忆版.docx","F:\BaiduNetdiskDownload\教学资料\西安高层次人才教育类\【真题】西安高层次人才招聘考试考生回忆版真题（可能答案有错）\2024年西安高层次教师招聘笔试真题回忆版.docx"
"310","2025年西安高层次教师招聘笔试回忆版真题部分题目.docx",".docx","0.02","西安高层次人才教育类","待判定","真题","核心","建议后续转为Markdown/可编辑笔记","西安高层次人才教育类\【真题】西安高层次人才招聘考试考生回忆版真题（可能答案有错）\2025年西安高层次教师招聘笔试回忆版真题部分题目.docx","F:\BaiduNetdiskDownload\教学资料\西安高层次人才教育类\【真题】西安高层次人才招聘考试考生回忆版真题（可能答案有错）\2025年西安高层次教师招聘笔试回忆版真题部分题目.docx"
"311","陕西省省情常考知识点总结及题库.docx",".docx","0.01","西安高层次人才教育类","陕西省情","题库练习","核心","建议后续转为Markdown/可编辑笔记","西安高层次人才教育类\陕西省省情常考知识点总结及题库.docx","F:\BaiduNetdiskDownload\教学资料\西安高层次人才教育类\陕西省省情常考知识点总结及题库.docx"
"312","西安市市情常考知识点总结及题库.docx",".docx","0.01","西安高层次人才教育类","西安市情","题库练习","核心","建议后续转为Markdown/可编辑笔记","西安高层次人才教育类\西安市市情常考知识点总结及题库.docx","F:\BaiduNetdiskDownload\教学资料\西安高层次人才教育类\西安市市情常考知识点总结及题库.docx"
"313","6600教育心理学部分.pdf",".pdf","0.71","教基教综","教育心理学","题库练习","刷题","保留原格式","教基教综\【02】教综6000题\6600题库\6600教育心理学部分.pdf","F:\BaiduNetdiskDownload\教学资料\教基教综\【02】教综6000题\6600题库\6600教育心理学部分.pdf"
"314","6600教育学部分.pdf",".pdf","1.29","教基教综","教育学","题库练习","刷题","保留原格式","教基教综\【02】教综6000题\6600题库\6600教育学部分.pdf","F:\BaiduNetdiskDownload\教学资料\教基教综\【02】教综6000题\6600题库\6600教育学部分.pdf"
"315","6600小四门部分.pdf",".pdf","0.75","教基教综","教育综合","题库练习","刷题","保留原格式","教基教综\【02】教综6000题\6600题库\6600小四门部分.pdf","F:\BaiduNetdiskDownload\教学资料\教基教综\【02】教综6000题\6600题库\6600小四门部分.pdf"
"316","6600心理学部分.pdf",".pdf","0.65","教基教综","心理学","题库练习","刷题","保留原格式","教基教综\【02】教综6000题\6600题库\6600心理学部分.pdf","F:\BaiduNetdiskDownload\教学资料\教基教综\【02】教综6000题\6600题库\6600心理学部分.pdf"
"317","【10】全新教师招聘考试教育综合知识（教师职业道德）章节系统复习讲义_【金榜题名教育培训】.doc",".doc","0.27","西安高层次人才教育类","教师职业道德","题库练习","刷题","暂不批量转换，精选后再处理","西安高层次人才教育类\全新西安高层次人才教育类招聘【教基】考试必过复习资料价值980元新版\【10】全新教师招聘考试教育综合知识（教师职业道德）章节系统复习讲义_【金榜题名教育培训】.doc","F:\BaiduNetdiskDownload\教学资料\西安高层次人才教育类\全新西安高层次人才教育类招聘【教基】考试必过复习资料价值980元新版\【10】全新教师招聘考试教育综合知识（教师职业道德）章节系统复习讲义_【金榜题名教育培训】.doc"
"318","【8】全新教师招聘考试教育综合知识（教育法律法规）章节系统复习讲义_【金榜题名教育培训】.doc",".doc","0.35","西安高层次人才教育类","教育法律法规","题库练习","刷题","暂不批量转换，精选后再处理","西安高层次人才教育类\全新西安高层次人才教育类招聘【教基】考试必过复习资料价值980元新版\【8】全新教师招聘考试教育综合知识（教育法律法规）章节系统复习讲义_【金榜题名教育培训】.doc","F:\BaiduNetdiskDownload\教学资料\西安高层次人才教育类\全新西安高层次人才教育类招聘【教基】考试必过复习资料价值980元新版\【8】全新教师招聘考试教育综合知识（教育法律法规）章节系统复习讲义_【金榜题名教育培训】.doc"
"319","【6】全新教师招聘考试教育综合知识（教育心理学）章节系统复习讲义_【金榜题名教育培训】.doc",".doc","0.47","西安高层次人才教育类","教育心理学","题库练习","刷题","暂不批量转换，精选后再处理","西安高层次人才教育类\全新西安高层次人才教育类招聘【教基】考试必过复习资料价值980元新版\【6】全新教师招聘考试教育综合知识（教育心理学）章节系统复习讲义_【金榜题名教育培训】.doc","F:\BaiduNetdiskDownload\教学资料\西安高层次人才教育类\全新西安高层次人才教育类招聘【教基】考试必过复习资料价值980元新版\【6】全新教师招聘考试教育综合知识（教育心理学）章节系统复习讲义_【金榜题名教育培训】.doc"
"320","【2】全新教师招聘考试教育综合知识（教育学）章节系统复习讲义_【金榜题名教育培训】.doc",".doc","0.54","西安高层次人才教育类","教育学","题库练习","刷题","暂不批量转换，精选后再处理","西安高层次人才教育类\全新西安高层次人才教育类招聘【教基】考试必过复习资料价值980元新版\【2】全新教师招聘考试教育综合知识（教育学）章节系统复习讲义_【金榜题名教育培训】.doc","F:\BaiduNetdiskDownload\教学资料\西安高层次人才教育类\全新西安高层次人才教育类招聘【教基】考试必过复习资料价值980元新版\【2】全新教师招聘考试教育综合知识（教育学）章节系统复习讲义_【金榜题名教育培训】.doc"
"321","【4】全新教师招聘考试教育综合知识（心理学）章节系统复习讲义_【金榜题名教育培训】.doc",".doc","0.34","西安高层次人才教育类","心理学","题库练习","刷题","暂不批量转换，精选后再处理","西安高层次人才教育类\全新西安高层次人才教育类招聘【教基】考试必过复习资料价值980元新版\【4】全新教师招聘考试教育综合知识（心理学）章节系统复习讲义_【金榜题名教育培训】.doc","F:\BaiduNetdiskDownload\教学资料\西安高层次人才教育类\全新西安高层次人才教育类招聘【教基】考试必过复习资料价值980元新版\【4】全新教师招聘考试教育综合知识（心理学）章节系统复习讲义_【金榜题名教育培训】.doc"
"322","【12】全新教师招聘考试教育综合知识（新课程改革）知识点复习讲义_【金榜题名教育培训】.doc",".doc","0.36","西安高层次人才教育类","新课程改革","题库练习","刷题","暂不批量转换，精选后再处理","西安高层次人才教育类\全新西安高层次人才教育类招聘【教基】考试必过复习资料价值980元新版\【12】全新教师招聘考试教育综合知识（新课程改革）知识点复习讲义_【金榜题名教育培训】.doc","F:\BaiduNetdiskDownload\教学资料\西安高层次人才教育类\全新西安高层次人才教育类招聘【教基】考试必过复习资料价值980元新版\【12】全新教师招聘考试教育综合知识（新课程改革）知识点复习讲义_【金榜题名教育培训】.doc"
"323","【必看】免费领取49套真题.jpg",".jpg","0.79","教基教综","教育综合","广告说明","暂缓","不处理","教基教综\【02】教综6000题\【必看】免费领取49套真题.jpg","F:\BaiduNetdiskDownload\教学资料\教基教综\【02】教综6000题\【必看】免费领取49套真题.jpg"
"324","【必看】免费领取49套真题.jpg",".jpg","0.79","教基教综","教育综合","广告说明","暂缓","不处理","教基教综\【01】学霸精美笔记\【必看】免费领取49套真题.jpg","F:\BaiduNetdiskDownload\教学资料\教基教综\【01】学霸精美笔记\【必看】免费领取49套真题.jpg"
"325","【主要】如网盘转存失败或下载太慢，请看这里~.txt",".txt","0","教基教综","教育综合","广告说明","暂缓","不处理","教基教综\【主要】如网盘转存失败或下载太慢，请看这里~.txt","F:\BaiduNetdiskDownload\教学资料\教基教综\【主要】如网盘转存失败或下载太慢，请看这里~.txt"
"326","网盘资料代打印.jpg",".jpg","0.4","教基教综","教育综合","广告说明","暂缓","不处理","教基教综\网盘资料代打印.jpg","F:\BaiduNetdiskDownload\教学资料\教基教综\网盘资料代打印.jpg"
"327","438道言语理解题打印整理版.doc",".doc","0.31","西安高层次人才教育类","职测/行测","广告说明","暂缓","不处理","西安高层次人才教育类\【重点必过】西安高层次人才教育类招聘职业能力测试讲义题库重点\4. 新版《行政职业能力测试》专项重点\言语理解模块\438道言语理解题打印整理版.doc","F:\BaiduNetdiskDownload\教学资料\西安高层次人才教育类\【重点必过】西安高层次人才教育类招聘职业能力测试讲义题库重点\4. 新版《行政职业能力测试》专项重点\言语理解模块\438道言语理解题打印整理版.doc"
